-- phpMyAdmin SQL Dump
-- version 5.2.1
-- https://www.phpmyadmin.net/
--
-- Host: 127.0.0.1
-- Generation Time: Apr 01, 2026 at 12:57 PM
-- Server version: 10.4.32-MariaDB
-- PHP Version: 8.2.12

SET SQL_MODE = "NO_AUTO_VALUE_ON_ZERO";
START TRANSACTION;
SET time_zone = "+00:00";


/*!40101 SET @OLD_CHARACTER_SET_CLIENT=@@CHARACTER_SET_CLIENT */;
/*!40101 SET @OLD_CHARACTER_SET_RESULTS=@@CHARACTER_SET_RESULTS */;
/*!40101 SET @OLD_COLLATION_CONNECTION=@@COLLATION_CONNECTION */;
/*!40101 SET NAMES utf8mb4 */;

--
-- Database: `goodness_app`
--

-- --------------------------------------------------------

--
-- Table structure for table `categories`
--

CREATE TABLE `categories` (
  `id` int(11) NOT NULL,
  `activity_name` varchar(255) NOT NULL COMMENT 'ชื่อกิจกรรม/ประเภทความดี',
  `base_point` int(11) NOT NULL DEFAULT 0 COMMENT 'คะแนนมาตรฐานที่ได้รับ',
  `group_name` varchar(100) DEFAULT NULL COMMENT 'หมวดหมู่ใหญ่',
  `is_active` tinyint(1) DEFAULT 1 COMMENT 'สถานะเปิด/ปิดการใช้งาน',
  `created_at` timestamp NOT NULL DEFAULT current_timestamp()
) ENGINE=InnoDB DEFAULT CHARSET=utf8mb4 COLLATE=utf8mb4_unicode_ci;

--
-- Dumping data for table `categories`
--

INSERT INTO `categories` (`id`, `activity_name`, `base_point`, `group_name`, `is_active`, `created_at`) VALUES
(1, 'กวาดใบไม้หน้าอาคาร', 10, 'จิตอาสาและทำความสะอาด', 1, '2026-03-27 18:32:44'),
(2, 'เก็บขยะบริเวณลานจอดรถ', 5, 'จิตอาสาและทำความสะอาด', 1, '2026-03-27 18:32:44'),
(3, 'เก็บขยะในโรงเรียน', 10, 'จิตอาสาและทำความสะอาด', 1, '2026-03-27 18:32:44'),
(4, 'ทำความสะอาดห้องน้ำ', 20, 'จิตอาสาและทำความสะอาด', 1, '2026-03-27 18:32:44'),
(5, 'ทำความสะอาดห้องเรียนก่อนกลับบ้าน', 15, 'จิตอาสาและทำความสะอาด', 1, '2026-03-27 18:32:44'),
(6, 'ช่วยกวาดใบไม้บริเวณสวนหย่อม', 15, 'จิตอาสาและทำความสะอาด', 1, '2026-03-27 18:32:44'),
(7, 'กิจกรรมจิตอาสา', 15, 'จิตอาสาและทำความสะอาด', 1, '2026-03-27 18:32:44'),
(8, 'ช่วยครูถือของ / ยกของ', 10, 'ช่วยเหลือครูและโรงเรียน', 1, '2026-03-27 18:32:44'),
(9, 'ช่วยคุณครูถือของไปส่งที่ห้องพักครู', 10, 'ช่วยเหลือครูและโรงเรียน', 1, '2026-03-27 18:32:44'),
(10, 'ช่วยคุณครูจัดบอร์ดประชาสัมพันธ์', 10, 'ช่วยเหลือครูและโรงเรียน', 1, '2026-03-27 18:32:44'),
(11, 'จัดเก้าอี้ห้องประชุม', 10, 'ช่วยเหลือครูและโรงเรียน', 1, '2026-03-27 18:32:44'),
(12, 'จัดเก้าอี้ในห้องประชุมหลังจากเลิกกิจกรรม', 10, 'ช่วยเหลือครูและโรงเรียน', 1, '2026-03-27 18:32:44'),
(13, 'ช่วยงานกิจกรรมโรงเรียน', 20, 'ช่วยเหลือครูและโรงเรียน', 1, '2026-03-27 18:32:44'),
(14, 'ช่วยเหลืองานกิจกรรมวันเปิดบ้าน (Open House)', 30, 'ช่วยเหลือครูและโรงเรียน', 1, '2026-03-27 18:32:44'),
(15, 'อาสาทำเวรแทนเพื่อน', 10, 'ช่วยเหลือเพื่อนและผู้อื่น', 1, '2026-03-27 18:32:44'),
(16, 'ช่วยเพื่อนติวหนังสือ', 20, 'ช่วยเหลือเพื่อนและผู้อื่น', 1, '2026-03-27 18:32:44'),
(17, 'ช่วยเพื่อนติววิชาคณิตศาสตร์ช่วงพักเที่ยง', 20, 'ช่วยเหลือเพื่อนและผู้อื่น', 1, '2026-03-27 18:32:44'),
(18, 'แบ่งปันอุปกรณ์การเรียนให้เพื่อนที่ลืมนำมา', 20, 'ช่วยเหลือเพื่อนและผู้อื่น', 1, '2026-03-27 18:32:44'),
(19, 'ช่วยรุ่นน้องข้ามถนนหน้าโรงเรียน', 5, 'ช่วยเหลือเพื่อนและผู้อื่น', 1, '2026-03-27 18:32:44'),
(20, 'เข้าแถวเรียบร้อย', 5, 'ระเบียบวินัยและความรับผิดชอบ', 1, '2026-03-27 18:32:44'),
(21, 'ทำเวรประจำวัน', 10, 'ระเบียบวินัยและความรับผิดชอบ', 1, '2026-03-27 18:32:44'),
(22, 'ปิดไฟและพัดลมในห้องเรียนที่ไม่มีคนอยู่', 5, 'ระเบียบวินัยและความรับผิดชอบ', 1, '2026-03-27 18:32:44'),
(23, 'ปิดไฟห้องเรียนเมื่อไม่ใช้งาน', 10, 'ระเบียบวินัยและความรับผิดชอบ', 1, '2026-03-27 18:32:44'),
(24, 'เก็บเงินได้แล้วส่งคืน', 20, 'ความซื่อสัตย์', 1, '2026-03-27 18:32:44'),
(25, 'เก็บกระเป๋าสตางค์ได้และนำไปคืนเจ้าของ', 50, 'ความซื่อสัตย์', 1, '2026-03-27 18:32:44'),
(26, 'แข่งขันวิชาการ', 20, 'สร้างชื่อเสียงให้โรงเรียน', 1, '2026-03-27 18:32:44'),
(27, 'แข่งขันกีฬา', 20, 'สร้างชื่อเสียงให้โรงเรียน', 1, '2026-03-27 18:32:44'),
(28, 'เป็นตัวแทนโรงเรียนไปแข่งขันสวดมนต์', 25, 'สร้างชื่อเสียงให้โรงเรียน', 1, '2026-03-27 18:32:44'),
(29, 'ชนะเลิศการแข่งขันโครงงานวิทยาศาสตร์ระดับจังหวัด', 100, 'สร้างชื่อเสียงให้โรงเรียน', 1, '2026-03-27 18:32:44'),
(30, 'เข้าแถวเรียบร้อย', 5, 'ระเบียบวินัย', 1, '2026-03-27 18:33:09'),
(31, 'ช่วยรุ่นน้องข้ามถนนหน้าโรงเรียน', 5, 'ช่วยเหลือผู้อื่น', 1, '2026-03-27 18:33:09'),
(32, 'ช่วยคุณครูจัดบอร์ดประชาสัมพันธ์', 10, 'ช่วยเหลือโรงเรียน', 1, '2026-03-27 18:33:09'),
(33, 'ทำความสะอาดห้องเรียนก่อนกลับบ้าน', 15, 'จิตอาสา', 1, '2026-03-27 18:33:09'),
(34, 'แบ่งปันอุปกรณ์การเรียนให้เพื่อนที่ลืมนำมา', 20, 'ช่วยเหลือผู้อื่น', 1, '2026-03-27 18:33:09'),
(35, 'เป็นตัวแทนโรงเรียนไปแข่งขันไหว้น้ำ', 25, 'สร้างชื่อเสียงให้โรงเรียน', 1, '2026-03-27 18:33:09'),
(36, 'ช่วยเหลืองานกิจกรรมงานโรงเรียน', 30, 'ช่วยเหลือโรงเรียน', 1, '2026-03-27 18:33:09'),
(37, 'เก็บตุ๊กตาได้และนำไปคืนเจ้าของ', 50, 'ความซื่อสัตย์', 1, '2026-03-27 18:33:09'),
(38, 'ชนะเลิศการแข่งขันโครงงานวิทยาศาสตร์ระดับประเทศ', 100, 'สร้างชื่อเสียงให้โรงเรียน', 1, '2026-03-27 18:33:09');

-- --------------------------------------------------------

--
-- Table structure for table `classrooms`
--

CREATE TABLE `classrooms` (
  `class_name` varchar(50) NOT NULL,
  `room_image` varchar(255) DEFAULT NULL
) ENGINE=InnoDB DEFAULT CHARSET=utf8mb4 COLLATE=utf8mb4_general_ci;

--
-- Dumping data for table `classrooms`
--

INSERT INTO `classrooms` (`class_name`, `room_image`) VALUES
('1/1', 'room11.jpg'),
('1/2', 'room12.jpg'),
('1/3', 'room13.jpg'),
('1/4', 'room14.jpg'),
('1/5', 'room15.jpg'),
('2/1', 'room21.jpg'),
('2/2', 'room22.jpg'),
('2/3', 'room23.jpg'),
('2/4', 'room24.jpg'),
('2/5', 'room25.jpg'),
('3/1', 'room31.jpg'),
('3/2', 'room32.jpg'),
('3/3', 'room33.jpg'),
('3/4', 'room34.jpg'),
('3/5', 'room35.jpg'),
('4/1', 'room41.jpg'),
('4/2', 'room42.jpg'),
('4/3', 'room43.jpg'),
('4/4', 'room44.jpg'),
('4/5', 'room45.jpg'),
('5/1', 'room51.jpg'),
('5/2', 'room52.jpg'),
('5/3', 'room53.jpg'),
('5/4', 'room54.jpg'),
('5/5', 'room55.jpg'),
('6/1', 'room61.jpg'),
('6/2', 'room62.jpg'),
('6/3', 'room63.jpg'),
('6/4', 'room64.jpg'),
('6/5', 'room65.jpg');

-- --------------------------------------------------------

--
-- Table structure for table `points`
--

CREATE TABLE `points` (
  `id` int(11) NOT NULL,
  `user_id` int(11) DEFAULT NULL,
  `category_id` int(11) DEFAULT NULL,
  `point` int(11) DEFAULT NULL,
  `description` text DEFAULT NULL,
  `created_at` datetime DEFAULT NULL,
  `image` varchar(255) NOT NULL
) ENGINE=InnoDB DEFAULT CHARSET=utf8mb4 COLLATE=utf8mb4_general_ci;

--
-- Dumping data for table `points`
--

INSERT INTO `points` (`id`, `user_id`, `category_id`, `point`, `description`, `created_at`, `image`) VALUES
(1, 3, NULL, 5, 'เก็บขยะ', '2026-03-25 00:45:48', ''),
(2, 3, NULL, 10, 'ช่วยครูยกของ', '2026-03-25 00:45:48', ''),
(3, 4, NULL, 5, 'เข้าแถวเรียบร้อย', '2026-03-25 00:45:48', ''),
(4, 5, NULL, 20, 'แข่งขันวิชาการ', '2026-03-25 00:45:48', ''),
(5, 6, NULL, 10, 'ช่วยงานโรงเรียน', '2026-03-25 00:45:48', ''),
(6, 7, NULL, 5, 'ทำเวร', '2026-03-25 00:45:48', ''),
(7, 8, NULL, 10, 'ช่วยเพื่อน', '2026-03-25 00:45:48', ''),
(8, 9, NULL, 15, 'กิจกรรมจิตอาสา', '2026-03-25 00:45:48', ''),
(9, 10, NULL, 5, 'เข้าแถวเรียบร้อย', '2026-03-25 00:45:48', ''),
(10, 11, NULL, 10, 'ช่วยครู', '2026-03-25 00:45:48', ''),
(11, 12, NULL, 5, 'ทำเวร', '2026-03-25 00:45:48', ''),
(12, 13, NULL, 20, 'แข่งขันกีฬา', '2026-03-25 00:45:48', ''),
(13, 14, NULL, 10, 'กิจกรรมโรงเรียน', '2026-03-25 00:45:48', ''),
(14, 15, NULL, 5, 'ช่วยเพื่อน', '2026-03-25 00:45:48', ''),
(15, 16, NULL, 10, 'ทำเวร', '2026-03-25 00:45:48', ''),
(16, 17, NULL, 15, 'จิตอาสา', '2026-03-25 00:45:48', ''),
(17, 18, NULL, 5, 'เข้าแถว', '2026-03-25 00:45:48', ''),
(18, 19, NULL, 10, 'ช่วยครู', '2026-03-25 00:45:48', ''),
(19, 20, NULL, 20, 'แข่งขัน', '2026-03-25 00:45:48', ''),
(20, 3, NULL, 5, 'เก็บขยะ', '2026-03-25 00:45:48', ''),
(21, 4, NULL, 10, 'ช่วยครู', '2026-03-25 00:45:48', ''),
(22, 5, NULL, 5, 'เข้าแถว', '2026-03-25 00:45:48', ''),
(23, 6, NULL, 20, 'กิจกรรม', '2026-03-25 00:45:48', ''),
(24, 7, NULL, 10, 'ทำเวร', '2026-03-25 00:45:48', ''),
(25, 8, NULL, 5, 'ช่วยเพื่อน', '2026-03-25 00:45:48', ''),
(26, 3, NULL, 10, 'ช่วยคุณครูถือของไปส่งที่ห้องพักครู', '2026-03-20 08:30:00', ''),
(27, 4, NULL, 5, 'เก็บขยะบริเวณลานจอดรถ', '2026-03-20 12:15:00', ''),
(28, 5, NULL, 20, 'ช่วยเพื่อนติววิชาคณิตศาสตร์ช่วงพักเที่ยง', '2026-03-21 13:00:00', ''),
(29, 6, NULL, 15, 'ทำความสะอาดห้องเรียนก่อนกลับบ้าน', '2026-03-21 16:30:00', ''),
(30, 7, NULL, 50, 'เก็บกระเป๋าสตางค์ได้และนำไปคืนเจ้าของ', '2026-03-22 09:00:00', ''),
(31, 8, NULL, 10, 'จัดเก้าอี้ในห้องประชุมหลังจากเลิกกิจกรรม', '2026-03-22 15:45:00', ''),
(32, 9, NULL, 5, 'ช่วยรุ่นน้องข้ามถนนหน้าโรงเรียน', '2026-03-23 07:45:00', ''),
(33, 10, NULL, 25, 'เป็นตัวแทนโรงเรียนไปแข่งขันสวดมนต์', '2026-03-23 10:00:00', ''),
(34, 3, NULL, 15, 'ช่วยกวาดใบไม้บริเวณสวนหย่อม', '2026-03-24 11:00:00', ''),
(35, 11, NULL, 30, 'ช่วยเหลืองานกิจกรรมวันเปิดบ้าน (Open House)', '2026-03-24 14:00:00', ''),
(36, 12, NULL, 5, 'ปิดไฟและพัดลมในห้องเรียนที่ไม่มีคนอยู่', '2026-03-25 08:15:00', ''),
(37, 13, NULL, 10, 'ช่วยคุณครูจัดบอร์ดประชาสัมพันธ์', '2026-03-25 10:30:00', ''),
(38, 14, NULL, 20, 'แบ่งปันอุปกรณ์การเรียนให้เพื่อนที่ลืมนำมา', '2026-03-25 12:45:00', ''),
(39, 15, NULL, 100, 'ชนะเลิศการแข่งขันโครงงานวิทยาศาสตร์ระดับจังหวัด', '2026-03-25 15:00:00', ''),
(40, 8, NULL, 10, 'เก็บเงินได้แล้วส่งคืน', '2026-02-01 00:00:00', ''),
(41, 14, NULL, 50, 'ช่วยงานกิจกรรมโรงเรียน', '2026-01-26 00:00:00', ''),
(42, 3, NULL, 10, 'เก็บขยะในโรงเรียน', '2026-02-26 00:00:00', ''),
(43, 4, NULL, 20, 'กวาดใบไม้หน้าอาคาร', '2026-03-19 00:00:00', ''),
(44, 13, NULL, 50, 'กวาดใบไม้หน้าอาคาร', '2026-01-07 00:00:00', ''),
(45, 14, NULL, 20, 'อาสาทำเวรแทนเพื่อน', '2026-02-06 00:00:00', ''),
(46, 6, NULL, 100, 'กวาดใบไม้หน้าอาคาร', '2026-01-03 00:00:00', ''),
(47, 10, NULL, 20, 'กวาดใบไม้หน้าอาคาร', '2026-02-13 00:00:00', ''),
(48, 15, NULL, 50, 'เก็บเงินได้แล้วส่งคืน', '2026-03-19 00:00:00', ''),
(49, 6, NULL, 20, 'ช่วยเพื่อนติวหนังสือ', '2026-02-08 00:00:00', ''),
(50, 11, NULL, 20, 'เก็บขยะในโรงเรียน', '2026-02-27 00:00:00', ''),
(51, 5, NULL, 50, 'จัดเก้าอี้ห้องประชุม', '2026-02-17 00:00:00', ''),
(52, 13, NULL, 50, 'เก็บเงินได้แล้วส่งคืน', '2026-01-31 00:00:00', ''),
(53, 12, NULL, 100, 'เก็บขยะในโรงเรียน', '2026-02-13 00:00:00', ''),
(54, 7, NULL, 100, 'ปิดไฟห้องเรียนเมื่อไม่ใช้งาน', '2026-03-08 00:00:00', ''),
(55, 10, NULL, 5, 'ช่วยงานกิจกรรมโรงเรียน', '2026-03-24 00:00:00', ''),
(56, 8, NULL, 100, 'ช่วยเพื่อนติวหนังสือ', '2026-01-14 00:00:00', ''),
(57, 17, NULL, 20, 'อาสาทำเวรแทนเพื่อน', '2026-02-17 00:00:00', ''),
(58, 16, NULL, 100, 'อาสาทำเวรแทนเพื่อน', '2026-02-26 00:00:00', ''),
(59, 7, NULL, 50, 'กวาดใบไม้หน้าอาคาร', '2026-01-14 00:00:00', ''),
(60, 5, NULL, 10, 'เก็บเงินได้แล้วส่งคืน', '2026-03-25 00:00:00', ''),
(61, 13, NULL, 50, 'ช่วยครูถือของ', '2026-02-23 00:00:00', ''),
(62, 14, NULL, 5, 'ทำความสะอาดห้องน้ำ', '2026-02-26 00:00:00', ''),
(63, 9, NULL, 5, 'ช่วยครูถือของ', '2026-02-03 00:00:00', ''),
(64, 12, NULL, 100, 'ช่วยเพื่อนติวหนังสือ', '2026-01-27 00:00:00', ''),
(65, 14, NULL, 100, 'ช่วยครูถือของ', '2026-01-26 00:00:00', ''),
(66, 16, NULL, 20, 'ช่วยงานกิจกรรมโรงเรียน', '2026-03-20 00:00:00', ''),
(67, 17, NULL, 5, 'ปิดไฟห้องเรียนเมื่อไม่ใช้งาน', '2026-01-09 00:00:00', ''),
(68, 4, NULL, 5, 'ปิดไฟห้องเรียนเมื่อไม่ใช้งาน', '2026-03-12 00:00:00', ''),
(69, 14, NULL, 20, 'อาสาทำเวรแทนเพื่อน', '2026-01-19 00:00:00', ''),
(70, 3, NULL, 20, 'เก็บเงินได้แล้วส่งคืน', '2026-03-22 00:00:00', ''),
(71, 11, NULL, 100, 'ช่วยเพื่อนติวหนังสือ', '2026-02-03 00:00:00', ''),
(72, 6, NULL, 100, 'เก็บขยะในโรงเรียน', '2026-01-23 00:00:00', ''),
(73, 7, NULL, 20, 'เก็บขยะในโรงเรียน', '2026-02-08 00:00:00', ''),
(74, 5, NULL, 20, 'อาสาทำเวรแทนเพื่อน', '2026-03-19 00:00:00', ''),
(75, 12, NULL, 20, 'ทำความสะอาดห้องน้ำ', '2026-03-26 00:00:00', ''),
(76, 4, NULL, 20, 'ช่วยครูถือของ', '2026-02-12 00:00:00', ''),
(77, 16, NULL, 5, 'อาสาทำเวรแทนเพื่อน', '2026-03-16 00:00:00', ''),
(78, 11, NULL, 5, 'ช่วยเพื่อนติวหนังสือ', '2026-03-09 00:00:00', ''),
(79, 6, NULL, 50, 'อาสาทำเวรแทนเพื่อน', '2026-01-27 00:00:00', ''),
(80, 12, NULL, 5, 'ช่วยงานกิจกรรมโรงเรียน', '2026-03-04 00:00:00', ''),
(81, 6, NULL, 50, 'จัดเก้าอี้ห้องประชุม', '2026-02-02 00:00:00', ''),
(82, 15, NULL, 5, 'เก็บขยะในโรงเรียน', '2026-02-27 00:00:00', ''),
(83, 8, NULL, 100, 'ทำความสะอาดห้องน้ำ', '2026-01-19 00:00:00', ''),
(84, 7, NULL, 100, 'ช่วยครูถือของ', '2026-01-30 00:00:00', ''),
(85, 6, NULL, 10, 'อาสาทำเวรแทนเพื่อน', '2026-01-29 00:00:00', ''),
(86, 14, NULL, 100, 'ช่วยครูถือของ', '2026-03-26 00:00:00', ''),
(87, 11, NULL, 100, 'เก็บเงินได้แล้วส่งคืน', '2026-03-21 00:00:00', ''),
(88, 11, NULL, 100, 'อาสาทำเวรแทนเพื่อน', '2026-03-10 00:00:00', ''),
(89, 3, NULL, 50, 'เก็บขยะในโรงเรียน', '2026-02-05 00:00:00', ''),
(90, 16, NULL, 10, 'ช่วยงานกิจกรรมโรงเรียน', '2026-01-08 00:00:00', ''),
(91, 3, NULL, 5, 'ช่วยงานกิจกรรมโรงเรียน', '2026-01-23 00:00:00', ''),
(92, 14, NULL, 100, 'ช่วยเพื่อนติวหนังสือ', '2026-01-03 00:00:00', ''),
(93, 8, NULL, 50, 'ช่วยงานกิจกรรมโรงเรียน', '2026-03-01 00:00:00', ''),
(94, 4, NULL, 10, 'จัดเก้าอี้ห้องประชุม', '2026-03-17 00:00:00', ''),
(95, 7, NULL, 100, 'กวาดใบไม้หน้าอาคาร', '2026-02-24 00:00:00', ''),
(96, 11, NULL, 100, 'ช่วยเพื่อนติวหนังสือ', '2026-01-23 00:00:00', ''),
(97, 12, NULL, 20, 'จัดเก้าอี้ห้องประชุม', '2026-02-17 00:00:00', ''),
(98, 12, NULL, 10, 'เก็บขยะในโรงเรียน', '2026-01-22 00:00:00', ''),
(99, 3, NULL, 10, 'ช่วยเพื่อนติวหนังสือ', '2026-03-07 00:00:00', ''),
(100, 5, NULL, 50, 'ช่วยงานกิจกรรมโรงเรียน', '2026-01-08 00:00:00', ''),
(101, 17, NULL, 50, 'กวาดใบไม้หน้าอาคาร', '2026-01-19 00:00:00', ''),
(102, 9, NULL, 20, 'ช่วยครูถือของ', '2026-01-15 00:00:00', ''),
(103, 10, NULL, 100, 'ทำความสะอาดห้องน้ำ', '2026-01-09 00:00:00', ''),
(104, 13, NULL, 5, 'ช่วยเพื่อนติวหนังสือ', '2026-02-18 00:00:00', ''),
(105, 3, NULL, 20, 'เก็บเงินได้แล้วส่งคืน', '2026-03-25 00:00:00', ''),
(106, 13, NULL, 20, 'ช่วยครูถือของ', '2026-02-10 00:00:00', ''),
(107, 16, NULL, 5, 'อาสาทำเวรแทนเพื่อน', '2026-01-01 00:00:00', ''),
(108, 4, NULL, 20, 'จัดเก้าอี้ห้องประชุม', '2026-01-26 00:00:00', ''),
(109, 7, NULL, 50, 'อาสาทำเวรแทนเพื่อน', '2026-01-09 00:00:00', ''),
(110, 10, NULL, 10, 'ช่วยครูถือของ', '2026-03-12 00:00:00', ''),
(111, 11, NULL, 20, 'เก็บเงินได้แล้วส่งคืน', '2026-01-03 00:00:00', ''),
(112, 3, NULL, 5, 'ช่วยครูถือของ', '2026-02-24 00:00:00', ''),
(113, 13, NULL, 50, 'ปิดไฟห้องเรียนเมื่อไม่ใช้งาน', '2026-01-21 00:00:00', ''),
(114, 13, NULL, 100, 'กวาดใบไม้หน้าอาคาร', '2026-03-03 00:00:00', ''),
(115, 14, NULL, 50, 'จัดเก้าอี้ห้องประชุม', '2026-02-03 00:00:00', ''),
(116, 17, NULL, 100, 'ช่วยครูถือของ', '2026-01-07 00:00:00', ''),
(117, 3, NULL, 100, 'ช่วยงานกิจกรรมโรงเรียน', '2026-01-29 00:00:00', ''),
(118, 4, NULL, 10, 'ช่วยเพื่อนติวหนังสือ', '2026-02-25 00:00:00', ''),
(119, 12, NULL, 5, 'เก็บขยะในโรงเรียน', '2026-02-26 00:00:00', ''),
(120, 5, NULL, 100, 'เก็บขยะในโรงเรียน', '2026-02-04 00:00:00', ''),
(121, 17, NULL, 20, 'เก็บขยะในโรงเรียน', '2026-01-30 00:00:00', ''),
(122, 13, NULL, 10, 'เก็บเงินได้แล้วส่งคืน', '2026-02-15 00:00:00', ''),
(123, 10, NULL, 100, 'กวาดใบไม้หน้าอาคาร', '2026-02-16 00:00:00', ''),
(124, 15, NULL, 50, 'ช่วยเพื่อนติวหนังสือ', '2026-03-26 00:00:00', ''),
(125, 6, NULL, 10, 'ช่วยงานกิจกรรมโรงเรียน', '2026-01-19 00:00:00', ''),
(126, 11, NULL, 5, 'ช่วยงานกิจกรรมโรงเรียน', '2026-01-05 00:00:00', ''),
(127, 12, NULL, 5, 'อาสาทำเวรแทนเพื่อน', '2026-03-23 00:00:00', ''),
(128, 15, NULL, 5, 'กวาดใบไม้หน้าอาคาร', '2026-02-24 00:00:00', ''),
(129, 12, NULL, 5, 'ช่วยครูถือของ', '2026-03-22 00:00:00', ''),
(130, 8, NULL, 5, 'ช่วยเพื่อนติวหนังสือ', '2026-02-14 00:00:00', ''),
(131, 15, NULL, 20, 'ทำความสะอาดห้องน้ำ', '2026-01-20 00:00:00', ''),
(132, 8, NULL, 5, 'ช่วยงานกิจกรรมโรงเรียน', '2026-02-16 00:00:00', ''),
(133, 7, NULL, 50, 'เก็บเงินได้แล้วส่งคืน', '2026-02-07 00:00:00', ''),
(134, 3, NULL, 100, 'ช่วยเพื่อนติวหนังสือ', '2026-03-22 00:00:00', ''),
(135, 3, NULL, 20, 'ช่วยครูถือของ', '2026-01-23 00:00:00', ''),
(136, 16, NULL, 50, 'กวาดใบไม้หน้าอาคาร', '2026-03-13 00:00:00', ''),
(137, 10, NULL, 100, 'อาสาทำเวรแทนเพื่อน', '2026-01-01 00:00:00', ''),
(138, 17, NULL, 50, 'เก็บเงินได้แล้วส่งคืน', '2026-02-15 00:00:00', ''),
(139, 10, NULL, 50, 'จัดเก้าอี้ห้องประชุม', '2026-02-21 00:00:00', ''),
(140, 16, NULL, 20, 'จัดเก้าอี้ห้องประชุม', '2026-03-17 00:00:00', ''),
(141, 9, NULL, 20, 'เก็บขยะในโรงเรียน', '2026-03-19 00:00:00', ''),
(142, 8, NULL, 5, 'ช่วยครูถือของ', '2026-03-09 00:00:00', ''),
(143, 9, NULL, 50, 'เก็บขยะในโรงเรียน', '2026-01-26 00:00:00', ''),
(144, 7, NULL, 50, 'เก็บเงินได้แล้วส่งคืน', '2026-02-06 00:00:00', ''),
(145, 17, NULL, 20, 'ปิดไฟห้องเรียนเมื่อไม่ใช้งาน', '2026-01-05 00:00:00', ''),
(146, 15, NULL, 100, 'เก็บเงินได้แล้วส่งคืน', '2026-02-01 00:00:00', ''),
(147, 11, NULL, 20, 'ช่วยครูถือของ', '2026-01-18 00:00:00', ''),
(148, 10, NULL, 100, 'ช่วยงานกิจกรรมโรงเรียน', '2026-03-13 00:00:00', ''),
(149, 10, NULL, 5, 'ช่วยงานกิจกรรมโรงเรียน', '2026-03-22 00:00:00', ''),
(150, 6, NULL, 10, 'ช่วยงานกิจกรรมโรงเรียน', '2026-01-22 00:00:00', ''),
(151, 14, NULL, 5, 'ปิดไฟห้องเรียนเมื่อไม่ใช้งาน', '2026-03-11 00:00:00', ''),
(152, 13, NULL, 5, 'ช่วยครูถือของ', '2026-02-23 00:00:00', ''),
(153, 13, NULL, 20, 'จัดเก้าอี้ห้องประชุม', '2026-02-05 00:00:00', ''),
(154, 17, NULL, 50, 'กวาดใบไม้หน้าอาคาร', '2026-01-24 00:00:00', ''),
(155, 13, NULL, 20, 'ช่วยงานกิจกรรมโรงเรียน', '2026-02-16 00:00:00', ''),
(156, 5, NULL, 5, 'จัดเก้าอี้ห้องประชุม', '2026-01-13 00:00:00', ''),
(157, 14, NULL, 10, 'ช่วยเพื่อนติวหนังสือ', '2026-03-12 00:00:00', ''),
(158, 8, NULL, 20, 'ทำความสะอาดห้องน้ำ', '2026-02-21 00:00:00', ''),
(159, 4, NULL, 50, 'กวาดใบไม้หน้าอาคาร', '2026-01-18 00:00:00', ''),
(160, 6, NULL, 20, 'ปิดไฟห้องเรียนเมื่อไม่ใช้งาน', '2026-03-13 00:00:00', ''),
(161, 17, NULL, 10, 'ช่วยงานกิจกรรมโรงเรียน', '2026-01-22 00:00:00', ''),
(162, 12, NULL, 20, 'อาสาทำเวรแทนเพื่อน', '2026-03-11 00:00:00', ''),
(163, 3, NULL, 100, 'ทำความสะอาดห้องน้ำ', '2026-02-08 00:00:00', ''),
(164, 7, NULL, 5, 'ปิดไฟห้องเรียนเมื่อไม่ใช้งาน', '2026-01-16 00:00:00', ''),
(165, 10, NULL, 100, 'เก็บขยะในโรงเรียน', '2026-03-04 00:00:00', ''),
(166, 8, NULL, 50, 'ปิดไฟห้องเรียนเมื่อไม่ใช้งาน', '2026-01-15 00:00:00', ''),
(167, 9, NULL, 50, 'เก็บขยะในโรงเรียน', '2026-01-10 00:00:00', ''),
(168, 10, NULL, 5, 'เก็บเงินได้แล้วส่งคืน', '2026-03-05 00:00:00', ''),
(169, 9, NULL, 100, 'เก็บขยะในโรงเรียน', '2026-03-11 00:00:00', ''),
(170, 15, NULL, 50, 'อาสาทำเวรแทนเพื่อน', '2026-02-19 00:00:00', ''),
(171, 15, NULL, 20, 'ทำความสะอาดห้องน้ำ', '2026-01-04 00:00:00', ''),
(172, 10, NULL, 10, 'กวาดใบไม้หน้าอาคาร', '2026-01-20 00:00:00', ''),
(173, 9, NULL, 10, 'จัดเก้าอี้ห้องประชุม', '2026-03-05 00:00:00', ''),
(174, 13, NULL, 10, 'ปิดไฟห้องเรียนเมื่อไม่ใช้งาน', '2026-02-09 00:00:00', ''),
(175, 16, NULL, 100, 'เก็บขยะในโรงเรียน', '2026-02-25 00:00:00', ''),
(176, 17, NULL, 100, 'ทำความสะอาดห้องน้ำ', '2026-03-10 00:00:00', ''),
(177, 5, NULL, 20, 'ช่วยครูถือของ', '2026-01-02 00:00:00', ''),
(178, 13, NULL, 20, 'กวาดใบไม้หน้าอาคาร', '2026-02-22 00:00:00', ''),
(179, 10, NULL, 20, 'ช่วยครูถือของ', '2026-01-25 00:00:00', ''),
(180, 16, NULL, 50, 'ช่วยงานกิจกรรมโรงเรียน', '2026-01-16 00:00:00', ''),
(181, 7, NULL, 5, 'ช่วยครูถือของ', '2026-02-28 00:00:00', ''),
(182, 17, NULL, 100, 'ปิดไฟห้องเรียนเมื่อไม่ใช้งาน', '2026-02-23 00:00:00', ''),
(183, 14, NULL, 100, 'กวาดใบไม้หน้าอาคาร', '2026-03-01 00:00:00', ''),
(184, 12, NULL, 5, 'กวาดใบไม้หน้าอาคาร', '2026-01-21 00:00:00', ''),
(185, 8, NULL, 10, 'เก็บขยะในโรงเรียน', '2026-03-03 00:00:00', ''),
(186, 7, NULL, 10, 'ช่วยงานกิจกรรมโรงเรียน', '2026-01-05 00:00:00', ''),
(187, 15, NULL, 100, 'ปิดไฟห้องเรียนเมื่อไม่ใช้งาน', '2026-01-24 00:00:00', ''),
(188, 3, NULL, 20, 'เก็บขยะในโรงเรียน', '2026-03-16 00:00:00', ''),
(189, 6, NULL, 50, 'ปิดไฟห้องเรียนเมื่อไม่ใช้งาน', '2026-02-09 00:00:00', ''),
(190, 16, NULL, 5, 'อาสาทำเวรแทนเพื่อน', '2026-01-16 00:00:00', ''),
(191, 15, NULL, 50, 'ทำความสะอาดห้องน้ำ', '2026-03-15 00:00:00', ''),
(192, 7, NULL, 5, 'ช่วยครูถือของ', '2026-02-21 00:00:00', ''),
(193, 12, NULL, 10, 'ปิดไฟห้องเรียนเมื่อไม่ใช้งาน', '2026-01-24 00:00:00', ''),
(194, 5, NULL, 5, 'ทำความสะอาดห้องน้ำ', '2026-02-15 00:00:00', ''),
(195, 14, NULL, 5, 'ช่วยเพื่อนติวหนังสือ', '2026-01-20 00:00:00', ''),
(196, 11, NULL, 100, 'จัดเก้าอี้ห้องประชุม', '2026-03-13 00:00:00', ''),
(197, 4, NULL, 100, 'ช่วยเพื่อนติวหนังสือ', '2026-03-06 00:00:00', ''),
(198, 6, NULL, 100, 'ช่วยเพื่อนติวหนังสือ', '2026-01-08 00:00:00', ''),
(199, 16, NULL, 5, 'ทำความสะอาดห้องน้ำ', '2026-01-23 00:00:00', ''),
(200, 11, NULL, 5, 'อาสาทำเวรแทนเพื่อน', '2026-01-10 00:00:00', ''),
(201, 10, NULL, 10, 'ทำความสะอาดห้องน้ำ', '2026-03-25 00:00:00', ''),
(202, 17, NULL, 100, 'จัดเก้าอี้ห้องประชุม', '2026-01-22 00:00:00', ''),
(203, 6, NULL, 10, 'เก็บเงินได้แล้วส่งคืน', '2026-03-21 00:00:00', ''),
(204, 9, NULL, 10, 'กวาดใบไม้หน้าอาคาร', '2026-02-14 00:00:00', ''),
(205, 13, NULL, 5, 'ช่วยครูถือของ', '2026-02-04 00:00:00', ''),
(206, 13, NULL, 10, 'ช่วยครูถือของ', '2026-01-14 00:00:00', ''),
(207, 6, NULL, 50, 'ทำความสะอาดห้องน้ำ', '2026-02-14 00:00:00', ''),
(208, 14, NULL, 10, 'ช่วยเพื่อนติวหนังสือ', '2026-03-05 00:00:00', ''),
(209, 3, NULL, 50, 'เก็บเงินได้แล้วส่งคืน', '2026-02-06 00:00:00', ''),
(210, 17, NULL, 20, 'เก็บเงินได้แล้วส่งคืน', '2026-01-10 00:00:00', ''),
(211, 7, NULL, 10, 'อาสาทำเวรแทนเพื่อน', '2026-01-17 00:00:00', ''),
(212, 3, NULL, 50, 'ช่วยครูถือของ', '2026-03-24 00:00:00', ''),
(213, 6, NULL, 10, 'ช่วยครูถือของ', '2026-02-17 00:00:00', ''),
(214, 8, NULL, 5, 'ช่วยงานกิจกรรมโรงเรียน', '2026-02-09 00:00:00', ''),
(215, 16, NULL, 5, 'ทำความสะอาดห้องน้ำ', '2026-02-07 00:00:00', ''),
(216, 7, NULL, 5, 'เก็บเงินได้แล้วส่งคืน', '2026-02-16 00:00:00', ''),
(217, 8, NULL, 10, 'เก็บขยะในโรงเรียน', '2026-02-10 00:00:00', ''),
(218, 7, NULL, 100, 'เก็บขยะในโรงเรียน', '2026-02-07 00:00:00', ''),
(219, 17, NULL, 20, 'เก็บเงินได้แล้วส่งคืน', '2026-01-14 00:00:00', ''),
(220, 10, NULL, 5, 'ช่วยครูถือของ', '2026-02-05 00:00:00', ''),
(221, 11, NULL, 50, 'อาสาทำเวรแทนเพื่อน', '2026-01-10 00:00:00', ''),
(222, 12, NULL, 100, 'ช่วยงานกิจกรรมโรงเรียน', '2026-02-10 00:00:00', ''),
(223, 14, NULL, 10, 'จัดเก้าอี้ห้องประชุม', '2026-02-28 00:00:00', ''),
(224, 10, NULL, 10, 'ช่วยครูถือของ', '2026-03-23 00:00:00', ''),
(225, 6, NULL, 10, 'ทำความสะอาดห้องน้ำ', '2026-02-16 00:00:00', ''),
(226, 3, NULL, 20, 'ช่วยเพื่อนติวหนังสือ', '2026-01-23 00:00:00', ''),
(227, 11, NULL, 5, 'เก็บเงินได้แล้วส่งคืน', '2026-01-30 00:00:00', ''),
(228, 11, NULL, 50, 'ช่วยครูถือของ', '2026-02-05 00:00:00', ''),
(229, 12, NULL, 5, 'เก็บขยะในโรงเรียน', '2026-02-06 00:00:00', ''),
(230, 16, NULL, 5, 'ช่วยงานกิจกรรมโรงเรียน', '2026-03-12 00:00:00', ''),
(231, 12, NULL, 100, 'กวาดใบไม้หน้าอาคาร', '2026-03-16 00:00:00', ''),
(232, 10, NULL, 100, 'เก็บเงินได้แล้วส่งคืน', '2026-01-21 00:00:00', ''),
(233, 17, NULL, 100, 'เก็บขยะในโรงเรียน', '2026-02-07 00:00:00', ''),
(234, 17, NULL, 20, 'อาสาทำเวรแทนเพื่อน', '2026-03-16 00:00:00', ''),
(235, 8, NULL, 5, 'จัดเก้าอี้ห้องประชุม', '2026-02-13 00:00:00', ''),
(236, 11, NULL, 5, 'เก็บขยะในโรงเรียน', '2026-03-11 00:00:00', ''),
(237, 17, NULL, 10, 'ช่วยงานกิจกรรมโรงเรียน', '2026-01-06 00:00:00', ''),
(238, 15, NULL, 5, 'ช่วยงานกิจกรรมโรงเรียน', '2026-01-17 00:00:00', ''),
(239, 7, NULL, 100, 'ทำความสะอาดห้องน้ำ', '2026-03-09 00:00:00', ''),
(240, 5, NULL, 10, 'เก็บขยะในโรงเรียน', '2026-01-22 00:00:00', ''),
(241, 6, NULL, 10, 'เก็บขยะในโรงเรียน', '2026-01-24 00:00:00', ''),
(242, 5, NULL, 5, 'ทำความสะอาดห้องน้ำ', '2026-02-25 00:00:00', ''),
(243, 6, NULL, 10, 'เก็บขยะในโรงเรียน', '2026-01-01 00:00:00', ''),
(244, 17, NULL, 100, 'จัดเก้าอี้ห้องประชุม', '2026-02-02 00:00:00', ''),
(245, 14, NULL, 20, 'ปิดไฟห้องเรียนเมื่อไม่ใช้งาน', '2026-03-05 00:00:00', ''),
(246, 8, NULL, 20, 'เก็บขยะในโรงเรียน', '2026-01-13 00:00:00', ''),
(247, 10, NULL, 5, 'ช่วยงานกิจกรรมโรงเรียน', '2026-01-07 00:00:00', ''),
(248, 15, NULL, 50, 'ปิดไฟห้องเรียนเมื่อไม่ใช้งาน', '2026-01-12 00:00:00', ''),
(249, 6, NULL, 50, 'ปิดไฟห้องเรียนเมื่อไม่ใช้งาน', '2026-02-14 00:00:00', ''),
(250, 5, NULL, 10, 'จัดเก้าอี้ห้องประชุม', '2026-02-20 00:00:00', ''),
(251, 16, NULL, 50, 'เก็บขยะในโรงเรียน', '2026-03-10 00:00:00', ''),
(252, 3, NULL, 50, 'จัดเก้าอี้ห้องประชุม', '2026-03-05 00:00:00', ''),
(253, 13, NULL, 5, 'ช่วยเพื่อนติวหนังสือ', '2026-02-16 00:00:00', ''),
(254, 17, NULL, 10, 'กวาดใบไม้หน้าอาคาร', '2026-02-24 00:00:00', ''),
(255, 8, NULL, 100, 'เก็บเงินได้แล้วส่งคืน', '2026-02-22 00:00:00', ''),
(256, 17, NULL, 5, 'กวาดใบไม้หน้าอาคาร', '2026-01-17 00:00:00', ''),
(257, 5, NULL, 10, 'ช่วยครูถือของ', '2026-02-16 00:00:00', ''),
(258, 9, NULL, 20, 'ช่วยครูถือของ', '2026-01-28 00:00:00', ''),
(259, 5, NULL, 50, 'จัดเก้าอี้ห้องประชุม', '2026-01-25 00:00:00', ''),
(260, 11, NULL, 100, 'อาสาทำเวรแทนเพื่อน', '2026-02-17 00:00:00', ''),
(261, 17, NULL, 100, 'ช่วยครูถือของ', '2026-03-17 00:00:00', ''),
(262, 16, NULL, 100, 'เก็บเงินได้แล้วส่งคืน', '2026-03-20 00:00:00', ''),
(263, 10, NULL, 20, 'ปิดไฟห้องเรียนเมื่อไม่ใช้งาน', '2026-02-05 00:00:00', ''),
(264, 15, NULL, 100, 'เก็บเงินได้แล้วส่งคืน', '2026-02-02 00:00:00', ''),
(265, 11, NULL, 20, 'ช่วยครูถือของ', '2026-03-22 00:00:00', ''),
(266, 9, NULL, 5, 'อาสาทำเวรแทนเพื่อน', '2026-03-01 00:00:00', ''),
(267, 11, NULL, 50, 'ช่วยครูถือของ', '2026-02-23 00:00:00', ''),
(268, 11, NULL, 100, 'ช่วยงานกิจกรรมโรงเรียน', '2026-02-22 00:00:00', ''),
(269, 9, NULL, 20, 'ทำความสะอาดห้องน้ำ', '2026-02-09 00:00:00', ''),
(270, 8, NULL, 20, 'กวาดใบไม้หน้าอาคาร', '2026-03-22 00:00:00', ''),
(271, 16, NULL, 20, 'จัดเก้าอี้ห้องประชุม', '2026-03-17 00:00:00', ''),
(272, 9, NULL, 20, 'กวาดใบไม้หน้าอาคาร', '2026-03-07 00:00:00', ''),
(273, 3, NULL, 100, 'เก็บเงินได้แล้วส่งคืน', '2026-02-26 00:00:00', ''),
(274, 5, NULL, 50, 'จัดเก้าอี้ห้องประชุม', '2026-02-13 00:00:00', ''),
(275, 10, NULL, 100, 'ช่วยงานกิจกรรมโรงเรียน', '2026-03-16 00:00:00', ''),
(276, 13, NULL, 50, 'ช่วยงานกิจกรรมโรงเรียน', '2026-03-02 00:00:00', ''),
(277, 5, NULL, 20, 'ปิดไฟห้องเรียนเมื่อไม่ใช้งาน', '2026-01-31 00:00:00', ''),
(278, 11, NULL, 100, 'จัดเก้าอี้ห้องประชุม', '2026-01-13 00:00:00', ''),
(279, 15, NULL, 20, 'ช่วยเพื่อนติวหนังสือ', '2026-03-22 00:00:00', ''),
(280, 4, NULL, 50, 'ช่วยครูถือของ', '2026-03-03 00:00:00', ''),
(281, 5, NULL, 20, 'เก็บขยะในโรงเรียน', '2026-03-15 00:00:00', ''),
(282, 4, NULL, 100, 'ปิดไฟห้องเรียนเมื่อไม่ใช้งาน', '2026-01-25 00:00:00', ''),
(283, 5, NULL, 5, 'ช่วยเพื่อนติวหนังสือ', '2026-03-02 00:00:00', ''),
(284, 16, NULL, 10, 'เก็บขยะในโรงเรียน', '2026-01-30 00:00:00', ''),
(285, 10, NULL, 20, 'เก็บเงินได้แล้วส่งคืน', '2026-01-27 00:00:00', ''),
(286, 8, NULL, 5, 'ช่วยงานกิจกรรมโรงเรียน', '2026-01-27 00:00:00', ''),
(287, 16, NULL, 50, 'ทำความสะอาดห้องน้ำ', '2026-01-27 00:00:00', ''),
(288, 15, NULL, 10, 'ช่วยงานกิจกรรมโรงเรียน', '2026-02-15 00:00:00', ''),
(289, 3, NULL, 50, 'กวาดใบไม้หน้าอาคาร', '2026-01-24 00:00:00', ''),
(290, 11, NULL, 5, 'ช่วยงานกิจกรรมโรงเรียน', '2026-03-05 00:00:00', ''),
(291, 6, NULL, 5, 'อาสาทำเวรแทนเพื่อน', '2026-03-21 00:00:00', ''),
(292, 14, NULL, 5, 'เก็บเงินได้แล้วส่งคืน', '2026-03-18 00:00:00', ''),
(293, 5, NULL, 100, 'ปิดไฟห้องเรียนเมื่อไม่ใช้งาน', '2026-02-08 00:00:00', ''),
(294, 15, NULL, 50, 'กวาดใบไม้หน้าอาคาร', '2026-03-11 00:00:00', ''),
(295, 10, NULL, 100, 'กวาดใบไม้หน้าอาคาร', '2026-02-14 00:00:00', ''),
(296, 15, NULL, 20, 'เก็บขยะในโรงเรียน', '2026-02-28 00:00:00', ''),
(297, 8, NULL, 50, 'กวาดใบไม้หน้าอาคาร', '2026-01-16 00:00:00', ''),
(298, 6, NULL, 50, 'จัดเก้าอี้ห้องประชุม', '2026-03-17 00:00:00', ''),
(299, 9, NULL, 20, 'ช่วยครูถือของ', '2026-01-16 00:00:00', ''),
(300, 11, NULL, 5, 'ทำความสะอาดห้องน้ำ', '2026-02-21 00:00:00', ''),
(301, 3, NULL, 20, 'ช่วยครูถือของ', '2026-01-16 00:00:00', ''),
(302, 12, NULL, 20, 'ปิดไฟห้องเรียนเมื่อไม่ใช้งาน', '2026-03-17 00:00:00', ''),
(303, 4, NULL, 50, 'ช่วยเพื่อนติวหนังสือ', '2026-02-13 00:00:00', ''),
(304, 15, NULL, 50, 'จัดเก้าอี้ห้องประชุม', '2026-02-20 00:00:00', ''),
(305, 14, NULL, 5, 'ช่วยครูถือของ', '2026-01-23 00:00:00', ''),
(306, 3, NULL, 10, 'ปิดไฟห้องเรียนเมื่อไม่ใช้งาน', '2026-01-28 00:00:00', ''),
(307, 7, NULL, 20, 'เก็บเงินได้แล้วส่งคืน', '2026-03-23 00:00:00', ''),
(308, 13, NULL, 20, 'ช่วยเพื่อนติวหนังสือ', '2026-01-19 00:00:00', ''),
(309, 9, NULL, 20, 'กวาดใบไม้หน้าอาคาร', '2026-02-25 00:00:00', ''),
(310, 11, NULL, 100, 'ปิดไฟห้องเรียนเมื่อไม่ใช้งาน', '2026-02-20 00:00:00', ''),
(311, 14, NULL, 5, 'ช่วยงานกิจกรรมโรงเรียน', '2026-01-10 00:00:00', ''),
(312, 3, NULL, 100, 'จัดเก้าอี้ห้องประชุม', '2026-01-20 00:00:00', ''),
(313, 17, NULL, 10, 'ปิดไฟห้องเรียนเมื่อไม่ใช้งาน', '2026-01-21 00:00:00', ''),
(314, 17, NULL, 5, 'เก็บเงินได้แล้วส่งคืน', '2026-01-23 00:00:00', ''),
(315, 5, NULL, 100, 'เก็บขยะในโรงเรียน', '2026-02-07 00:00:00', ''),
(316, 5, NULL, 20, 'ช่วยเพื่อนติวหนังสือ', '2026-02-25 00:00:00', ''),
(317, 11, NULL, 100, 'อาสาทำเวรแทนเพื่อน', '2026-02-24 00:00:00', ''),
(318, 6, NULL, 10, 'เก็บเงินได้แล้วส่งคืน', '2026-03-12 00:00:00', ''),
(319, 16, NULL, 5, 'ทำความสะอาดห้องน้ำ', '2026-01-27 00:00:00', ''),
(320, 13, NULL, 50, 'จัดเก้าอี้ห้องประชุม', '2026-02-24 00:00:00', ''),
(321, 4, NULL, 50, 'กวาดใบไม้หน้าอาคาร', '2026-01-17 00:00:00', ''),
(322, 4, NULL, 5, 'ทำความสะอาดห้องน้ำ', '2026-03-04 00:00:00', ''),
(323, 13, NULL, 10, 'ช่วยครูถือของ', '2026-01-11 00:00:00', ''),
(324, 4, NULL, 5, 'จัดเก้าอี้ห้องประชุม', '2026-02-14 00:00:00', ''),
(325, 9, NULL, 50, 'เก็บขยะในโรงเรียน', '2026-02-01 00:00:00', ''),
(326, 11, NULL, 100, 'ช่วยเพื่อนติวหนังสือ', '2026-01-29 00:00:00', ''),
(327, 16, NULL, 20, 'ช่วยงานกิจกรรมโรงเรียน', '2026-02-27 00:00:00', ''),
(328, 15, NULL, 10, 'เก็บเงินได้แล้วส่งคืน', '2026-01-02 00:00:00', ''),
(329, 15, NULL, 5, 'อาสาทำเวรแทนเพื่อน', '2026-01-16 00:00:00', ''),
(330, 17, NULL, 10, 'ช่วยครูถือของ', '2026-01-22 00:00:00', ''),
(331, 14, NULL, 5, 'ช่วยงานกิจกรรมโรงเรียน', '2026-01-11 00:00:00', ''),
(332, 4, NULL, 5, 'ช่วยครูถือของ', '2026-02-04 00:00:00', ''),
(333, 12, NULL, 100, 'อาสาทำเวรแทนเพื่อน', '2026-02-24 00:00:00', ''),
(334, 6, NULL, 5, 'ทำความสะอาดห้องน้ำ', '2026-01-21 00:00:00', ''),
(335, 10, NULL, 50, 'ช่วยงานกิจกรรมโรงเรียน', '2026-02-05 00:00:00', ''),
(336, 9, NULL, 5, 'ช่วยงานกิจกรรมโรงเรียน', '2026-03-17 00:00:00', ''),
(337, 3, NULL, 50, 'ช่วยงานกิจกรรมโรงเรียน', '2026-02-21 00:00:00', ''),
(338, 8, NULL, 100, 'อาสาทำเวรแทนเพื่อน', '2026-02-13 00:00:00', ''),
(339, 11, NULL, 10, 'อาสาทำเวรแทนเพื่อน', '2026-02-06 00:00:00', ''),
(340, 5, NULL, -10, 'แลกรางวัล: ดินสอ', '2026-03-30 22:58:10', ''),
(341, 5, NULL, -50, 'แลกรางวัล: แก้วน้ำ', '2026-03-30 22:58:11', ''),
(342, 5, NULL, -50, 'แลกรางวัล: แก้วน้ำ', '2026-03-30 22:58:11', ''),
(343, 5, NULL, -50, 'แลกรางวัล: แก้วน้ำ', '2026-03-30 22:58:12', ''),
(344, 5, NULL, -50, 'แลกรางวัล: แก้วน้ำ', '2026-03-30 22:58:12', ''),
(345, 5, NULL, -15, 'แลกรางวัล: ปากกา', '2026-03-30 22:58:13', ''),
(346, 5, NULL, -15, 'แลกรางวัล: ปากกา', '2026-03-30 22:58:13', ''),
(347, 5, NULL, -15, 'แลกรางวัล: ปากกา', '2026-03-30 22:58:13', ''),
(348, 5, NULL, -15, 'แลกรางวัล: ปากกา', '2026-03-30 22:58:13', ''),
(349, 5, NULL, -5, 'แลกรางวัล: ยางลบ', '2026-03-30 22:58:37', ''),
(350, 5, NULL, -5, 'แลกรางวัล: ยางลบ', '2026-03-30 22:58:37', ''),
(351, 5, NULL, -5, 'แลกรางวัล: ยางลบ', '2026-03-30 22:58:38', ''),
(352, 5, NULL, -5, 'แลกรางวัล: ยางลบ', '2026-03-30 22:58:38', ''),
(353, 5, NULL, -5, 'แลกรางวัล: ยางลบ', '2026-03-30 22:58:38', ''),
(354, 5, NULL, -5, 'แลกรางวัล: ยางลบ', '2026-03-30 22:58:39', ''),
(355, 5, NULL, -5, 'แลกรางวัล: ยางลบ', '2026-03-30 22:58:39', ''),
(356, 5, NULL, -5, 'แลกรางวัล: ยางลบ', '2026-03-30 22:58:39', ''),
(357, 5, NULL, -5, 'แลกรางวัล: ยางลบ', '2026-03-30 22:58:40', ''),
(358, 5, NULL, -5, 'แลกรางวัล: ยางลบ', '2026-03-30 22:58:40', ''),
(359, 5, NULL, -5, 'แลกรางวัล: ยางลบ', '2026-03-30 22:58:41', ''),
(360, 5, NULL, -5, 'แลกรางวัล: ยางลบ', '2026-03-30 22:58:41', ''),
(361, 5, NULL, -100, 'แลกรางวัล: กระเป๋า', '2026-03-30 22:58:42', ''),
(362, 5, NULL, -100, 'แลกรางวัล: กระเป๋า', '2026-03-30 22:58:42', ''),
(363, 5, NULL, -100, 'แลกรางวัล: กระเป๋า', '2026-03-30 22:58:43', ''),
(364, 5, NULL, -5, 'แลกรางวัล: ยางลบ', '2026-03-30 22:58:44', ''),
(365, 5, NULL, -5, 'แลกรางวัล: ยางลบ', '2026-03-30 22:58:44', ''),
(366, 5, NULL, -5, 'แลกรางวัล: ยางลบ', '2026-03-30 22:58:45', ''),
(367, 5, NULL, -5, 'แลกรางวัล: ยางลบ', '2026-03-30 22:58:45', ''),
(368, 5, NULL, -5, 'แลกรางวัล: ยางลบ', '2026-03-30 22:58:45', ''),
(369, 5, NULL, -15, 'แลกรางวัล: ปากกา', '2026-03-30 22:59:10', ''),
(370, 5, NULL, -15, 'แลกรางวัล: ปากกา', '2026-03-30 22:59:10', ''),
(371, 5, NULL, -15, 'แลกรางวัล: ปากกา', '2026-03-30 22:59:11', ''),
(372, 5, NULL, -5, 'แลกรางวัล: ยางลบ', '2026-03-30 23:00:42', ''),
(373, 3, NULL, -15, 'แลกรางวัล: ปากกา', '2026-03-30 23:13:43', ''),
(374, 3, NULL, -50, 'แลกรางวัล: แก้วน้ำ', '2026-03-30 23:17:38', ''),
(375, 3, NULL, -5, 'แลกรางวัล: ยางลบ', '2026-03-30 23:17:42', ''),
(376, 3, NULL, -100, 'แลกรางวัล: กระเป๋า', '2026-03-30 23:17:45', ''),
(377, 3, NULL, 1000, 'แต้มพิเศษจากแอดมินใจดี', '2026-03-30 23:21:50', ''),
(378, 5, NULL, 1000, 'แต้มพิเศษจากแอดมินใจดี', '2026-03-30 23:22:20', ''),
(379, 5, NULL, -10, 'แลกรางวัล: ดินสอ', '2026-03-30 23:22:45', ''),
(380, 5, NULL, -10, 'แลกรางวัล: ดินสอ', '2026-03-30 23:23:23', ''),
(381, 5, NULL, -10, 'แลกรางวัล: ดินสอ', '2026-03-30 23:25:28', ''),
(382, 5, NULL, -20, 'แลกรางวัล: สมุด', '2026-03-30 23:29:43', ''),
(383, 5, NULL, -5, 'แลกรางวัล: ยางลบ', '2026-03-30 23:33:32', ''),
(384, 3, NULL, -100, 'แลกรางวัล: กระเป๋า', '2026-03-30 23:33:58', ''),
(385, 5, NULL, -50, 'แลกรางวัล: แก้วน้ำ', '2026-03-31 22:45:05', ''),
(386, 442, 14, 30, 'ช่วยเหลืองานกิจกรรมวันเปิดบ้าน (Open House) (บันทึกโดย: wow)', '2026-04-01 17:41:40', ''),
(387, 442, NULL, -10, 'แลกรางวัล: ดินสอ', '2026-04-01 17:42:13', '');

-- --------------------------------------------------------

--
-- Table structure for table `redeem`
--

CREATE TABLE `redeem` (
  `id` int(11) NOT NULL,
  `user_id` int(11) DEFAULT NULL,
  `reward_id` int(11) DEFAULT NULL,
  `created_at` datetime DEFAULT NULL
) ENGINE=InnoDB DEFAULT CHARSET=utf8mb4 COLLATE=utf8mb4_general_ci;

--
-- Dumping data for table `redeem`
--

INSERT INTO `redeem` (`id`, `user_id`, `reward_id`, `created_at`) VALUES
(1, 3, 1, '2026-03-25 00:48:39'),
(2, 4, 2, '2026-03-25 00:48:39'),
(3, 5, 3, '2026-03-25 00:48:39'),
(4, 6, 4, '2026-03-25 00:48:39'),
(5, 7, 5, '2026-03-25 00:48:39'),
(6, 8, 2, '2026-03-25 00:48:39'),
(7, 9, 1, '2026-03-25 00:48:39'),
(8, 10, 6, '2026-03-25 00:48:39'),
(9, 11, 3, '2026-03-25 00:48:39'),
(10, 12, 4, '2026-03-25 00:48:39'),
(11, 13, 5, '2026-03-25 00:48:39'),
(12, 14, 2, '2026-03-25 00:48:39'),
(13, 15, 1, '2026-03-25 00:48:39'),
(14, 16, 3, '2026-03-25 00:48:39'),
(15, 17, 7, '2026-03-25 00:48:39'),
(16, 18, 6, '2026-03-25 00:48:39'),
(17, 19, 5, '2026-03-25 00:48:39'),
(18, 20, 4, '2026-03-25 00:48:39'),
(19, 21, 3, '2026-03-25 00:48:39'),
(20, 22, 2, '2026-03-25 00:48:39'),
(21, 3, 2, '2026-03-24 16:00:00'),
(22, 4, 5, '2026-03-25 12:30:00'),
(23, 5, 3, '2026-03-25 13:10:00'),
(24, 7, 6, '2026-03-25 15:20:00'),
(25, 6, 6, '2026-03-14 00:00:00'),
(26, 6, 4, '2026-03-19 00:00:00'),
(27, 7, 2, '2026-03-01 00:00:00'),
(28, 12, 2, '2026-03-23 00:00:00'),
(29, 3, 4, '2026-03-01 00:00:00'),
(30, 16, 3, '2026-03-01 00:00:00'),
(31, 4, 4, '2026-03-04 00:00:00'),
(32, 5, 4, '2026-03-01 00:00:00'),
(33, 12, 2, '2026-03-15 00:00:00'),
(34, 11, 2, '2026-03-12 00:00:00'),
(35, 7, 2, '2026-03-07 00:00:00'),
(36, 7, 4, '2026-03-01 00:00:00'),
(37, 9, 2, '2026-03-12 00:00:00'),
(38, 14, 4, '2026-03-08 00:00:00'),
(39, 17, 6, '2026-03-15 00:00:00'),
(40, 6, 3, '2026-03-25 00:00:00'),
(41, 15, 4, '2026-03-15 00:00:00'),
(42, 11, 2, '2026-03-24 00:00:00'),
(43, 6, 4, '2026-03-22 00:00:00'),
(44, 13, 6, '2026-03-19 00:00:00'),
(45, 14, 5, '2026-03-02 00:00:00'),
(46, 5, 6, '2026-03-17 00:00:00'),
(47, 14, 5, '2026-03-15 00:00:00'),
(48, 10, 6, '2026-03-07 00:00:00'),
(49, 8, 2, '2026-03-06 00:00:00'),
(50, 15, 5, '2026-03-18 00:00:00'),
(51, 11, 5, '2026-03-03 00:00:00'),
(52, 5, 4, '2026-03-17 00:00:00'),
(53, 4, 4, '2026-03-24 00:00:00'),
(54, 8, 2, '2026-03-24 00:00:00'),
(55, 13, 4, '2026-03-17 00:00:00'),
(56, 14, 5, '2026-03-17 00:00:00'),
(57, 17, 6, '2026-03-14 00:00:00'),
(58, 17, 3, '2026-03-11 00:00:00'),
(59, 7, 3, '2026-03-06 00:00:00'),
(60, 9, 5, '2026-03-19 00:00:00'),
(61, 15, 6, '2026-03-03 00:00:00'),
(62, 15, 5, '2026-03-04 00:00:00'),
(63, 10, 2, '2026-03-20 00:00:00'),
(64, 13, 2, '2026-03-22 00:00:00'),
(65, 13, 6, '2026-03-10 00:00:00'),
(66, 7, 3, '2026-03-12 00:00:00'),
(67, 11, 4, '2026-03-09 00:00:00'),
(68, 9, 2, '2026-03-12 00:00:00'),
(69, 16, 2, '2026-03-19 00:00:00'),
(70, 9, 6, '2026-03-08 00:00:00'),
(71, 14, 6, '2026-03-06 00:00:00'),
(72, 8, 2, '2026-03-07 00:00:00'),
(73, 5, 2, '2026-03-19 00:00:00'),
(74, 11, 4, '2026-03-20 00:00:00'),
(75, 5, 1, NULL),
(76, 5, 3, NULL),
(77, 5, 3, NULL),
(78, 5, 3, NULL),
(79, 5, 3, NULL),
(80, 5, 4, NULL),
(81, 5, 4, NULL),
(82, 5, 4, NULL),
(83, 5, 4, NULL),
(84, 5, 5, NULL),
(85, 5, 5, NULL),
(86, 5, 5, NULL),
(87, 5, 5, NULL),
(88, 5, 5, NULL),
(89, 5, 5, NULL),
(90, 5, 5, NULL),
(91, 5, 5, NULL),
(92, 5, 5, NULL),
(93, 5, 5, NULL),
(94, 5, 5, NULL),
(95, 5, 5, NULL),
(96, 5, 6, NULL),
(97, 5, 6, NULL),
(98, 5, 6, NULL),
(99, 5, 5, NULL),
(100, 5, 5, NULL),
(101, 5, 5, NULL),
(102, 5, 5, NULL),
(103, 5, 5, NULL),
(104, 5, 4, NULL),
(105, 5, 4, NULL),
(106, 5, 4, NULL),
(107, 5, 5, NULL),
(108, 3, 4, NULL),
(109, 3, 3, NULL),
(110, 3, 5, NULL),
(111, 3, 6, NULL),
(112, 5, 1, NULL),
(113, 5, 1, NULL),
(114, 5, 1, NULL),
(115, 5, 2, '2026-03-30 23:29:43'),
(116, 5, 5, '2026-03-30 23:33:32'),
(117, 3, 6, '2026-03-30 23:33:58'),
(118, 5, 3, '2026-03-31 22:45:05'),
(119, 442, 1, '2026-04-01 17:42:13');

-- --------------------------------------------------------

--
-- Table structure for table `rewards`
--

CREATE TABLE `rewards` (
  `id` int(11) NOT NULL,
  `name` varchar(255) DEFAULT NULL,
  `point` int(11) DEFAULT NULL,
  `quantity` int(11) DEFAULT 0,
  `image` varchar(255) NOT NULL
) ENGINE=InnoDB DEFAULT CHARSET=utf8mb4 COLLATE=utf8mb4_general_ci;

--
-- Dumping data for table `rewards`
--

INSERT INTO `rewards` (`id`, `name`, `point`, `quantity`, `image`) VALUES
(1, 'ดินสอ', 10, 200, 'pencil.jpg'),
(2, 'สมุด', 20, 150, 'book.jpg'),
(3, 'แก้วน้ำ', 50, 80, 'cup.jpg'),
(4, 'ปากกา', 15, 180, 'pen.jpg'),
(5, 'ยางลบ', 5, 250, 'eraser.jpg'),
(6, 'กระเป๋า', 100, 40, 'bag.jpg'),
(7, 'เสื้อกีฬา', 150, 30, 'shirt.jpg'),
(8, 'บัตรโรงอาหาร', 30, 120, 'r_voucher.jpg'),
(9, 'หมวก', 40, 70, 'cap.jpg'),
(10, 'Flash Drive', 200, 25, 'flashdrive.jpg'),
(15, 'ยางลบแฟนซี', 5, 200, 'fancyeraser.jpg'),
(16, 'ไม้บรรทัดเหล็ก', 15, 100, 'ruler.jpg'),
(17, 'กล่องดินสอ 2 ชั้น', 80, 60, 'pencilbox.jpg'),
(18, 'กระเป๋าเป้โรงเรียน', 200, 35, 'bagpack.jpg'),
(19, 'คูปองขนมสหกรณ์ 20 บาท', 40, 150, 'voucher.jpg'),
(20, 'เสื้อยืดกีฬาสี', 150, 45, 't-shirt.jpg'),
(21, 'หมวกแก๊ปโลโก้โรงเรียน', 120, 50, 'cap2.jpg'),
(22, 'บัตรกำนัลร้านหนังสือ 100 บาท', 300, 20, 'voucher2.jpg');

-- --------------------------------------------------------

--
-- Table structure for table `users`
--

CREATE TABLE `users` (
  `id` int(11) NOT NULL,
  `username` varchar(100) DEFAULT NULL,
  `password` varchar(100) DEFAULT NULL,
  `fullname` varchar(255) DEFAULT NULL,
  `role` varchar(50) DEFAULT NULL,
  `student_class` varchar(50) DEFAULT NULL,
  `avatar` text DEFAULT NULL
) ENGINE=InnoDB DEFAULT CHARSET=utf8mb4 COLLATE=utf8mb4_general_ci;

--
-- Dumping data for table `users`
--

INSERT INTO `users` (`id`, `username`, `password`, `fullname`, `role`, `student_class`, `avatar`) VALUES
(2, 'admin', '1234', 'Teacher Somchai', 'admin', 'teacher', NULL),
(3, 'porpia', '1234', 'Sarawadee', 'student', '1/1', NULL),
(4, 'pun', '1234', 'Chanoksuda', 'student', '5/2', NULL),
(5, 'plai', '1234', 'Nattawan', 'student', '4/3', NULL),
(6, 'student01', '1234', 'Anan', 'student', '1/1', NULL),
(7, 'student02', '1234', 'Burin', 'student', '1/1', NULL),
(8, 'student03', '1234', 'Chai', 'student', '1/2', NULL),
(9, 'student04', '1234', 'Dome', 'student', '1/2', NULL),
(10, 'student05', '1234', 'Ek', 'student', '2/1', NULL),
(11, 'student06', '1234', 'Fon', 'student', '2/1', NULL),
(12, 'student07', '1234', 'Game', 'student', '2/2', NULL),
(13, 'student08', '1234', 'Hana', 'student', '2/2', NULL),
(14, 'student09', '1234', 'Ice', 'student', '3/1', NULL),
(15, 'student10', '1234', 'Jane', 'student', '3/1', NULL),
(16, 'student11', '1234', 'Korn', 'student', '3/2', NULL),
(17, 'student12', '1234', 'Lek', 'student', '3/2', NULL),
(18, 'student13', '1234', 'Mook', 'student', '4/1', NULL),
(19, 'student14', '1234', 'Nook', 'student', '4/1', NULL),
(20, 'student15', '1234', 'Oat', 'student', '4/2', NULL),
(21, 'student16', '1234', 'Ploy', 'student', '4/2', NULL),
(22, 'student17', '1234', 'Q', 'student', '5/1', NULL),
(23, 'student18', '1234', 'Rin', 'student', '5/1', NULL),
(24, 'student19', '1234', 'Som', 'student', '5/2', NULL),
(25, 'student20', '1234', 'Tum', 'student', '5/2', NULL),
(26, 'kru_napa', '1234', 'คุณครูนภา ใจดี', 'admin', 'teacher', NULL),
(27, 'kru_mana', '1234', 'คุณครูมานะ ขยันยิ่ง', 'admin', 'teacher', NULL),
(28, 'boy_art', '1234', 'ด.ช. อาทิตย์ สว่างไสว', 'student', '1/1', NULL),
(29, 'girl_mali', '1234', 'ด.ญ. มะลิ หอมฟุ้ง', 'student', '1/2', NULL),
(30, 'oak_tree', '1234', 'นายพงศธร ป่าไม้', 'student', '4/1', NULL),
(31, 'fern_leaf', '1234', 'น.ส. กัญญาวีร์ เขียวขจี', 'student', '5/2', NULL),
(32, 'win_win', '1234', 'ด.ช. ชนะชัย เก่งกาจ', 'student', '2/1', NULL),
(33, 'pim_star', '1234', 'ด.ญ. พิมพ์ดาว ยิ่งสกุล', 'student', '3/3', NULL),
(34, 'ken_ji', '1234', 'นายเคนจิ ซาโต้', 'student', '6/2', NULL),
(35, 'bow_cute', '1234', 'น.ส. ธนพร อ่อนหวาน', 'student', '4/3', NULL),
(36, 'std_001', '1234', 'ด.ช. ก้องเกียรติ มั่งมี', 'student', '1/1', NULL),
(37, 'std_002', '1234', 'ด.ญ. ขวัญข้าว ชาวนา', 'student', '1/2', NULL),
(38, 'std_003', '1234', 'ด.ช. คมสันต์ ขยันเรียน', 'student', '2/1', NULL),
(39, 'std_004', '1234', 'ด.ญ. งามตา น่ารัก', 'student', '2/2', NULL),
(40, 'std_005', '1234', 'ด.ช. จรูญ เรืองรุ่ง', 'student', '3/1', NULL),
(41, 'std_045', '1234', 'น.ส. อรพิมล ยิ้มสู้', 'student', '6/3', NULL),
(42, 'std_0016', '1234', 'ลัดดา มีชัย', 'student', '5/5', NULL),
(43, 'std_0017', '1234', 'จิราพร ทองแท้', 'student', '2/4', NULL),
(44, 'std_0018', '1234', 'สิรินธร ขยันยิ่ง', 'student', '5/1', NULL),
(45, 'std_0019', '1234', 'คณิต มีชัย', 'student', '2/3', NULL),
(46, 'std_0020', '1234', 'นงลักษณ์ งามสง่า', 'student', '1/1', NULL),
(47, 'std_0021', '1234', 'พัชรี มั่งคั่ง', 'student', '4/2', NULL),
(48, 'std_0022', '1234', 'วรวิทย์ ทองแท้', 'student', '3/3', NULL),
(49, 'std_0023', '1234', 'ธนพล งามสง่า', 'student', '3/3', NULL),
(50, 'std_0024', '1234', 'สิรินธร มั่งคั่ง', 'student', '3/5', NULL),
(51, 'std_0025', '1234', 'จงรัก ทองแท้', 'student', '1/5', NULL),
(52, 'std_0026', '1234', 'บุญมี ขยันยิ่ง', 'student', '5/1', NULL),
(53, 'std_0027', '1234', 'ภานุพงศ์ มีชัย', 'student', '3/4', NULL),
(54, 'std_0028', '1234', 'นัทธมน ขยันยิ่ง', 'student', '2/1', NULL),
(55, 'std_0029', '1234', 'อนันต์ มีชัย', 'student', '6/4', NULL),
(56, 'std_0030', '1234', 'ฉัตรชัย งามสง่า', 'student', '1/1', NULL),
(57, 'std_0031', '1234', 'บุญมี มั่งคั่ง', 'student', '1/5', NULL),
(58, 'std_0032', '1234', 'มนัส ทองแท้', 'student', '4/2', NULL),
(59, 'std_0033', '1234', 'นัทธมน มั่งคั่ง', 'student', '3/3', NULL),
(60, 'std_0034', '1234', 'อุบล ทองแท้', 'student', '1/1', NULL),
(61, 'std_0035', '1234', 'ชลดา ขยันยิ่ง', 'student', '2/3', NULL),
(62, 'std_0036', '1234', 'ปกรณ์ มีชัย', 'student', '4/5', NULL),
(63, 'std_0037', '1234', 'ยุทธนา งามสง่า', 'student', '5/1', NULL),
(64, 'std_0038', '1234', 'ปิยบุตร มีชัย', 'student', '2/3', NULL),
(65, 'std_0039', '1234', 'เกรียงไกร งามสง่า', 'student', '5/3', NULL),
(66, 'std_0040', '1234', 'ชลดา มั่งคั่ง', 'student', '1/4', NULL),
(67, 'std_0041', '1234', 'ผ่องศรี ทองแท้', 'student', '3/4', NULL),
(68, 'std_0042', '1234', 'รุ่งโรจน์ ขยันยิ่ง', 'student', '1/3', NULL),
(69, 'std_0043', '1234', 'พรทิพย์ ทองแท้', 'student', '6/5', NULL),
(70, 'std_0044', '1234', 'ขวัญชัย ขยันยิ่ง', 'student', '5/1', NULL),
(71, 'std_0045', '1234', 'ณัฐวุฒิ มีชัย', 'student', '3/1', NULL),
(72, 'std_0046', '1234', 'พงศธร งามสง่า', 'student', '2/2', NULL),
(73, 'std_0047', '1234', 'รุ่งโรจน์ มั่งคั่ง', 'student', '4/5', NULL),
(74, 'std_0048', '1234', 'กิตติพงศ์ มีชัย', 'student', '5/3', NULL),
(75, 'std_0049', '1234', 'วีรพัฒน์ งามสง่า', 'student', '5/4', NULL),
(76, 'std_0050', '1234', 'ขวัญชัย มั่งคั่ง', 'student', '4/4', NULL),
(77, 'std_0051', '1234', 'ทนงศักดิ์ ทองแท้', 'student', '3/5', NULL),
(78, 'std_0052', '1234', 'พัชรี ขยันยิ่ง', 'student', '3/5', NULL),
(79, 'std_0053', '1234', 'จิราพร พัฒนา', 'student', '3/3', NULL),
(80, 'std_0054', '1234', 'สิรินธร ใจดี', 'student', '6/3', NULL),
(81, 'std_0055', '1234', 'คณิต เงินมาก', 'student', '3/3', NULL),
(82, 'std_0056', '1234', 'นงลักษณ์ รุ่งเรือง', 'student', '4/1', NULL),
(83, 'std_0057', '1234', 'พัชรี ไพศาล', 'student', '6/5', NULL),
(84, 'std_0058', '1234', 'วรวิทย์ พัฒนา', 'student', '6/1', NULL),
(85, 'std_0059', '1234', 'ธนพล รุ่งเรือง', 'student', '2/3', NULL),
(86, 'std_0060', '1234', 'สิรินธร ไพศาล', 'student', '1/5', NULL),
(87, 'std_0061', '1234', 'จงรัก พัฒนา', 'student', '3/2', NULL),
(88, 'std_0062', '1234', 'บุญมี ใจดี', 'student', '3/5', NULL),
(89, 'std_0063', '1234', 'ภานุพงศ์ เงินมาก', 'student', '6/3', NULL),
(90, 'std_0064', '1234', 'นัทธมน ใจดี', 'student', '3/2', NULL),
(91, 'std_0065', '1234', 'อนันต์ เงินมาก', 'student', '6/5', NULL),
(92, 'std_0066', '1234', 'ฉัตรชัย รุ่งเรือง', 'student', '1/3', NULL),
(93, 'std_0067', '1234', 'บุญมี ไพศาล', 'student', '4/5', NULL),
(94, 'std_0068', '1234', 'มนัส พัฒนา', 'student', '4/4', NULL),
(95, 'std_0069', '1234', 'นัทธมน ไพศาล', 'student', '2/4', NULL),
(96, 'std_0070', '1234', 'อุบล พัฒนา', 'student', '4/5', NULL),
(97, 'std_0071', '1234', 'ชลดา ใจดี', 'student', '1/2', NULL),
(98, 'std_0072', '1234', 'ปกรณ์ เงินมาก', 'student', '1/5', NULL),
(99, 'std_0073', '1234', 'ยุทธนา รุ่งเรือง', 'student', '5/3', NULL),
(100, 'std_0074', '1234', 'ปิยบุตร เงินมาก', 'student', '4/5', NULL),
(101, 'std_0075', '1234', 'เกรียงไกร รุ่งเรือง', 'student', '5/2', NULL),
(102, 'std_0076', '1234', 'ชลดา ไพศาล', 'student', '4/1', NULL),
(103, 'std_0077', '1234', 'ผ่องศรี พัฒนา', 'student', '6/5', NULL),
(104, 'std_0078', '1234', 'รุ่งโรจน์ ใจดี', 'student', '1/3', NULL),
(105, 'std_0079', '1234', 'พรทิพย์ พัฒนา', 'student', '5/2', NULL),
(106, 'std_0080', '1234', 'ขวัญชัย ใจดี', 'student', '5/2', NULL),
(107, 'std_0081', '1234', 'ณัฐวุฒิ เงินมาก', 'student', '5/4', NULL),
(108, 'std_0082', '1234', 'พงศธร รุ่งเรือง', 'student', '5/2', NULL),
(109, 'std_0083', '1234', 'รุ่งโรจน์ ไพศาล', 'student', '2/3', NULL),
(110, 'std_0084', '1234', 'กิตติพงศ์ เงินมาก', 'student', '2/5', NULL),
(111, 'std_0085', '1234', 'วีรพัฒน์ รุ่งเรือง', 'student', '4/5', NULL),
(112, 'std_0086', '1234', 'ขวัญชัย ไพศาล', 'student', '6/3', NULL),
(113, 'std_0087', '1234', 'ทนงศักดิ์ พัฒนา', 'student', '6/1', NULL),
(114, 'std_0088', '1234', 'พัชรี ใจดี', 'student', '3/1', NULL),
(115, 'std_0089', '1234', 'ลัดดา เงินมาก', 'student', '6/3', NULL),
(116, 'std_0090', '1234', 'จิราพร สว่างไสว', 'student', '2/1', NULL),
(117, 'std_0091', '1234', 'วีรพัฒน์ สุวรรณ', 'student', '5/3', NULL),
(118, 'std_0092', '1234', 'คณิต ร่มเย็น', 'student', '1/4', NULL),
(119, 'std_0093', '1234', 'นงลักษณ์ รักเรียน', 'student', '6/5', NULL),
(120, 'std_0094', '1234', 'พัชรี ศรีสุข', 'student', '5/2', NULL),
(121, 'std_0095', '1234', 'วรวิทย์ สว่างไสว', 'student', '1/1', NULL),
(122, 'std_0096', '1234', 'ธนพล รักเรียน', 'student', '5/1', NULL),
(123, 'std_0097', '1234', 'สิรินธร ศรีสุข', 'student', '6/1', NULL),
(124, 'std_0098', '1234', 'จงรัก สว่างไสว', 'student', '2/2', NULL),
(125, 'std_0099', '1234', 'นงลักษณ์ สุวรรณ', 'student', '3/2', NULL),
(126, 'std_0100', '1234', 'ภานุพงศ์ ร่มเย็น', 'student', '4/2', NULL),
(127, 'std_0101', '1234', 'ธนพล สุวรรณ', 'student', '6/2', NULL),
(128, 'std_0102', '1234', 'อนันต์ ร่มเย็น', 'student', '5/1', NULL),
(129, 'std_0103', '1234', 'ฉัตรชัย รักเรียน', 'student', '1/4', NULL),
(130, 'std_0104', '1234', 'บุญมี ศรีสุข', 'student', '6/1', NULL),
(131, 'std_0105', '1234', 'มนัส สว่างไสว', 'student', '1/2', NULL),
(132, 'std_0106', '1234', 'นัทธมน ศรีสุข', 'student', '5/3', NULL),
(133, 'std_0107', '1234', 'อุบล สว่างไสว', 'student', '4/4', NULL),
(134, 'std_0108', '1234', 'ฉัตรชัย สุวรรณ', 'student', '2/2', NULL),
(135, 'std_0109', '1234', 'ปกรณ์ ร่มเย็น', 'student', '4/3', NULL),
(136, 'std_0110', '1234', 'ยุทธนา รักเรียน', 'student', '3/4', NULL),
(137, 'std_0111', '1234', 'ปิยบุตร ร่มเย็น', 'student', '3/5', NULL),
(138, 'std_0112', '1234', 'เกรียงไกร รักเรียน', 'student', '5/5', NULL),
(139, 'std_0113', '1234', 'ชลดา ศรีสุข', 'student', '1/2', NULL),
(140, 'std_0114', '1234', 'ผ่องศรี สว่างไสว', 'student', '2/4', NULL),
(141, 'std_0115', '1234', 'ยุทธนา สุวรรณ', 'student', '4/3', NULL),
(142, 'std_0116', '1234', 'พรทิพย์ สว่างไสว', 'student', '6/2', NULL),
(143, 'std_0117', '1234', 'เกรียงไกร สุวรรณ', 'student', '2/5', NULL),
(144, 'std_0118', '1234', 'ณัฐวุฒิ ร่มเย็น', 'student', '5/5', NULL),
(145, 'std_0119', '1234', 'พงศธร รักเรียน', 'student', '1/5', NULL),
(146, 'std_0120', '1234', 'รุ่งโรจน์ ศรีสุข', 'student', '2/4', NULL),
(147, 'std_0121', '1234', 'กิตติพงศ์ ร่มเย็น', 'student', '4/4', NULL),
(148, 'std_0122', '1234', 'วีรพัฒน์ รักเรียน', 'student', '2/3', NULL),
(149, 'std_0123', '1234', 'ขวัญชัย ศรีสุข', 'student', '3/1', NULL),
(150, 'std_0124', '1234', 'ทนงศักดิ์ สว่างไสว', 'student', '6/4', NULL),
(151, 'std_0125', '1234', 'พงศธร สุวรรณ', 'student', '3/4', NULL),
(152, 'std_0126', '1234', 'ลัดดา ร่มเย็น', 'student', '5/1', NULL),
(153, 'std_0127', '1234', 'จิราพร มุ่งมั่น', 'student', '6/4', NULL),
(154, 'std_0128', '1234', 'วีรพัฒน์ พูนทรัพย์', 'student', '5/2', NULL),
(155, 'std_0129', '1234', 'คณิต เก่งกาจ', 'student', '1/2', NULL),
(156, 'std_0130', '1234', 'ทนงศักดิ์ ดีประเสริฐ', 'student', '4/2', NULL),
(157, 'std_0131', '1234', 'พัชรี วงศ์ขจร', 'student', '5/4', NULL),
(158, 'std_0132', '1234', 'วรวิทย์ มุ่งมั่น', 'student', '2/2', NULL),
(159, 'std_0133', '1234', 'จิราพร ดีประเสริฐ', 'student', '4/4', NULL),
(160, 'std_0134', '1234', 'สิรินธร วงศ์ขจร', 'student', '4/5', NULL),
(161, 'std_0135', '1234', 'จงรัก มุ่งมั่น', 'student', '2/5', NULL),
(162, 'std_0136', '1234', 'นงลักษณ์ พูนทรัพย์', 'student', '4/2', NULL),
(163, 'std_0137', '1234', 'ภานุพงศ์ เก่งกาจ', 'student', '2/3', NULL),
(164, 'std_0138', '1234', 'วรวิทย์ ดีประเสริฐ', 'student', '4/4', NULL),
(165, 'std_0139', '1234', 'ธนพล พูนทรัพย์', 'student', '1/1', NULL),
(166, 'std_0140', '1234', 'อนันต์ เก่งกาจ', 'student', '5/2', NULL),
(167, 'std_0141', '1234', 'จงรัก ดีประเสริฐ', 'student', '1/3', NULL),
(168, 'std_0142', '1234', 'บุญมี วงศ์ขจร', 'student', '4/4', NULL),
(169, 'std_0143', '1234', 'มนัส มุ่งมั่น', 'student', '1/1', NULL),
(170, 'std_0144', '1234', 'นัทธมน วงศ์ขจร', 'student', '1/1', NULL),
(171, 'std_0145', '1234', 'อุบล มุ่งมั่น', 'student', '2/5', NULL),
(172, 'std_0146', '1234', 'ฉัตรชัย พูนทรัพย์', 'student', '5/4', NULL),
(173, 'std_0147', '1234', 'ปกรณ์ เก่งกาจ', 'student', '3/2', NULL),
(174, 'std_0148', '1234', 'มนัส ดีประเสริฐ', 'student', '4/2', NULL),
(175, 'std_0149', '1234', 'ปิยบุตร เก่งกาจ', 'student', '1/3', NULL),
(176, 'std_0150', '1234', 'อุบล ดีประเสริฐ', 'student', '5/2', NULL),
(177, 'std_0151', '1234', 'ชลดา วงศ์ขจร', 'student', '6/5', NULL),
(178, 'std_0152', '1234', 'ผ่องศรี มุ่งมั่น', 'student', '2/2', NULL),
(179, 'std_0153', '1234', 'ยุทธนา พูนทรัพย์', 'student', '3/5', NULL),
(180, 'std_0154', '1234', 'พรทิพย์ มุ่งมั่น', 'student', '3/3', NULL),
(181, 'std_0155', '1234', 'เกรียงไกร พูนทรัพย์', 'student', '4/5', NULL),
(182, 'std_0156', '1234', 'ณัฐวุฒิ เก่งกาจ', 'student', '4/5', NULL),
(183, 'std_0157', '1234', 'ผ่องศรี ดีประเสริฐ', 'student', '4/5', NULL),
(184, 'std_0158', '1234', 'รุ่งโรจน์ วงศ์ขจร', 'student', '5/1', NULL),
(185, 'std_0159', '1234', 'กิตติพงศ์ เก่งกาจ', 'student', '5/3', NULL),
(186, 'std_0160', '1234', 'พรทิพย์ ดีประเสริฐ', 'student', '5/2', NULL),
(187, 'std_0161', '1234', 'ขวัญชัย วงศ์ขจร', 'student', '5/5', NULL),
(188, 'std_0162', '1234', 'ทนงศักดิ์ มุ่งมั่น', 'student', '3/1', NULL),
(189, 'std_0163', '1234', 'พงศธร พูนทรัพย์', 'student', '1/1', NULL),
(190, 'std_0164', '1234', 'ลัดดา เก่งกาจ', 'student', '1/2', NULL),
(191, 'std_0165', '1234', 'คณิต ขยันยิ่ง', 'student', '1/4', NULL),
(192, 'std_0166', '1234', 'ทนงศักดิ์ มีชัย', 'student', '1/4', NULL),
(193, 'std_0167', '1234', 'พัชรี งามสง่า', 'student', '4/1', NULL),
(194, 'std_0168', '1234', 'ลัดดา มั่งคั่ง', 'student', '2/3', NULL),
(195, 'std_0169', '1234', 'จิราพร มีชัย', 'student', '5/1', NULL),
(196, 'std_0170', '1234', 'สิรินธร งามสง่า', 'student', '4/1', NULL),
(197, 'std_0171', '1234', 'คณิต มั่งคั่ง', 'student', '5/1', NULL),
(198, 'std_0172', '1234', 'นงลักษณ์ ทองแท้', 'student', '5/1', NULL),
(199, 'std_0173', '1234', 'ภานุพงศ์ ขยันยิ่ง', 'student', '5/2', NULL),
(200, 'std_0174', '1234', 'วรวิทย์ มีชัย', 'student', '3/5', NULL),
(201, 'std_0175', '1234', 'ธนพล ทองแท้', 'student', '2/5', NULL),
(202, 'std_0176', '1234', 'อนันต์ ขยันยิ่ง', 'student', '5/5', NULL),
(203, 'std_0177', '1234', 'จงรัก มีชัย', 'student', '4/4', NULL),
(204, 'std_0178', '1234', 'บุญมี งามสง่า', 'student', '5/5', NULL),
(205, 'std_0179', '1234', 'ภานุพงศ์ มั่งคั่ง', 'student', '1/1', NULL),
(206, 'std_0180', '1234', 'นัทธมน งามสง่า', 'student', '3/4', NULL),
(207, 'std_0181', '1234', 'อนันต์ มั่งคั่ง', 'student', '3/3', NULL),
(208, 'std_0182', '1234', 'ฉัตรชัย ทองแท้', 'student', '6/1', NULL),
(209, 'std_0183', '1234', 'ปกรณ์ ขยันยิ่ง', 'student', '6/1', NULL),
(210, 'std_0184', '1234', 'มนัส มีชัย', 'student', '6/2', NULL),
(211, 'std_0185', '1234', 'ปิยบุตร ขยันยิ่ง', 'student', '1/2', NULL),
(212, 'std_0186', '1234', 'อุบล มีชัย', 'student', '3/4', NULL),
(213, 'std_0187', '1234', 'ชลดา งามสง่า', 'student', '6/1', NULL),
(214, 'std_0188', '1234', 'ปกรณ์ มั่งคั่ง', 'student', '1/5', NULL),
(215, 'std_0189', '1234', 'ยุทธนา ทองแท้', 'student', '1/5', NULL),
(216, 'std_0190', '1234', 'ปิยบุตร มั่งคั่ง', 'student', '6/4', NULL),
(217, 'std_0191', '1234', 'เกรียงไกร ทองแท้', 'student', '2/4', NULL),
(218, 'std_0192', '1234', 'ณัฐวุฒิ ขยันยิ่ง', 'student', '2/2', NULL),
(219, 'std_0193', '1234', 'ผ่องศรี มีชัย', 'student', '3/1', NULL),
(220, 'std_0194', '1234', 'รุ่งโรจน์ งามสง่า', 'student', '4/5', NULL),
(221, 'std_0195', '1234', 'กิตติพงศ์ ขยันยิ่ง', 'student', '4/2', NULL),
(222, 'std_0196', '1234', 'พรทิพย์ มีชัย', 'student', '4/2', NULL),
(223, 'std_0197', '1234', 'ขวัญชัย งามสง่า', 'student', '5/2', NULL),
(224, 'std_0198', '1234', 'ณัฐวุฒิ มั่งคั่ง', 'student', '6/2', NULL),
(225, 'std_0199', '1234', 'พงศธร ทองแท้', 'student', '1/5', NULL),
(226, 'std_0200', '1234', 'ลัดดา ขยันยิ่ง', 'student', '4/1', NULL),
(227, 'std_0201', '1234', 'กิตติพงศ์ มั่งคั่ง', 'student', '5/2', NULL),
(228, 'std_0202', '1234', 'วีรพัฒน์ ทองแท้', 'student', '3/5', NULL),
(229, 'std_0203', '1234', 'พัชรี รุ่งเรือง', 'student', '2/3', NULL),
(230, 'std_0204', '1234', 'ลัดดา ไพศาล', 'student', '3/1', NULL),
(231, 'std_0205', '1234', 'จิราพร เงินมาก', 'student', '1/2', NULL),
(232, 'std_0206', '1234', 'สิรินธร รุ่งเรือง', 'student', '4/4', NULL),
(233, 'std_0207', '1234', 'คณิต ไพศาล', 'student', '5/1', NULL),
(234, 'std_0208', '1234', 'นงลักษณ์ พัฒนา', 'student', '5/1', NULL),
(235, 'std_0209', '1234', 'ภานุพงศ์ ใจดี', 'student', '5/1', NULL),
(236, 'std_0210', '1234', 'วรวิทย์ เงินมาก', 'student', '4/1', NULL),
(237, 'std_0211', '1234', 'ธนพล พัฒนา', 'student', '5/3', NULL),
(238, 'std_0212', '1234', 'อนันต์ ใจดี', 'student', '4/3', NULL),
(239, 'std_0213', '1234', 'จงรัก เงินมาก', 'student', '5/3', NULL),
(240, 'std_0214', '1234', 'บุญมี รุ่งเรือง', 'student', '2/3', NULL),
(241, 'std_0215', '1234', 'ภานุพงศ์ ไพศาล', 'student', '4/3', NULL),
(242, 'std_0216', '1234', 'นัทธมน รุ่งเรือง', 'student', '4/3', NULL),
(243, 'std_0217', '1234', 'อนันต์ ไพศาล', 'student', '6/3', NULL),
(244, 'std_0218', '1234', 'ฉัตรชัย พัฒนา', 'student', '6/4', NULL),
(245, 'std_0219', '1234', 'ปกรณ์ ใจดี', 'student', '5/3', NULL),
(246, 'std_0220', '1234', 'มนัส เงินมาก', 'student', '1/1', NULL),
(247, 'std_0221', '1234', 'ปิยบุตร ใจดี', 'student', '4/5', NULL),
(248, 'std_0222', '1234', 'อุบล เงินมาก', 'student', '4/4', NULL),
(249, 'std_0223', '1234', 'ชลดา รุ่งเรือง', 'student', '2/2', NULL),
(250, 'std_0224', '1234', 'ปกรณ์ ไพศาล', 'student', '1/4', NULL),
(251, 'std_0225', '1234', 'ยุทธนา พัฒนา', 'student', '5/2', NULL),
(252, 'std_0226', '1234', 'ปิยบุตร ไพศาล', 'student', '2/1', NULL),
(253, 'std_0227', '1234', 'เกรียงไกร พัฒนา', 'student', '4/2', NULL),
(254, 'std_0228', '1234', 'ณัฐวุฒิ ใจดี', 'student', '6/3', NULL),
(255, 'std_0229', '1234', 'ผ่องศรี เงินมาก', 'student', '5/5', NULL),
(256, 'std_0230', '1234', 'รุ่งโรจน์ รุ่งเรือง', 'student', '1/1', NULL),
(257, 'std_0231', '1234', 'กิตติพงศ์ ใจดี', 'student', '4/4', NULL),
(258, 'std_0232', '1234', 'พรทิพย์ เงินมาก', 'student', '5/1', NULL),
(259, 'std_0233', '1234', 'ขวัญชัย รุ่งเรือง', 'student', '4/1', NULL),
(260, 'std_0234', '1234', 'ณัฐวุฒิ ไพศาล', 'student', '5/1', NULL),
(261, 'std_0235', '1234', 'พงศธร พัฒนา', 'student', '3/2', NULL),
(262, 'std_0236', '1234', 'ลัดดา ใจดี', 'student', '4/3', NULL),
(263, 'std_0237', '1234', 'กิตติพงศ์ ไพศาล', 'student', '3/4', NULL),
(264, 'std_0238', '1234', 'วีรพัฒน์ พัฒนา', 'student', '1/2', NULL),
(265, 'std_0239', '1234', 'คณิต ใจดี', 'student', '3/2', NULL),
(266, 'std_0240', '1234', 'ทนงศักดิ์ เงินมาก', 'student', '4/1', NULL),
(267, 'std_0241', '1234', 'จิราพร ร่มเย็น', 'student', '6/2', NULL),
(268, 'std_0242', '1234', 'สิรินธร รักเรียน', 'student', '3/2', NULL),
(269, 'std_0243', '1234', 'คณิต ศรีสุข', 'student', '6/5', NULL),
(270, 'std_0244', '1234', 'นงลักษณ์ สว่างไสว', 'student', '6/5', NULL),
(271, 'std_0245', '1234', 'พัชรี สุวรรณ', 'student', '4/2', NULL),
(272, 'std_0246', '1234', 'วรวิทย์ ร่มเย็น', 'student', '5/4', NULL),
(273, 'std_0247', '1234', 'ธนพล สว่างไสว', 'student', '3/5', NULL),
(274, 'std_0248', '1234', 'สิรินธร สุวรรณ', 'student', '2/3', NULL),
(275, 'std_0249', '1234', 'จงรัก ร่มเย็น', 'student', '2/1', NULL),
(276, 'std_0250', '1234', 'บุญมี รักเรียน', 'student', '5/1', NULL),
(277, 'std_0251', '1234', 'ภานุพงศ์ ศรีสุข', 'student', '6/5', NULL),
(278, 'std_0252', '1234', 'นัทธมน รักเรียน', 'student', '1/4', NULL),
(279, 'std_0253', '1234', 'อนันต์ ศรีสุข', 'student', '3/5', NULL),
(280, 'std_0254', '1234', 'ฉัตรชัย สว่างไสว', 'student', '4/3', NULL),
(281, 'std_0255', '1234', 'บุญมี สุวรรณ', 'student', '4/5', NULL),
(282, 'std_0256', '1234', 'มนัส ร่มเย็น', 'student', '2/1', NULL),
(283, 'std_0257', '1234', 'นัทธมน สุวรรณ', 'student', '5/5', NULL),
(284, 'std_0258', '1234', 'อุบล ร่มเย็น', 'student', '2/3', NULL),
(285, 'std_0259', '1234', 'ชลดา รักเรียน', 'student', '5/2', NULL),
(286, 'std_0260', '1234', 'ปกรณ์ ศรีสุข', 'student', '6/5', NULL),
(287, 'std_0261', '1234', 'ยุทธนา สว่างไสว', 'student', '5/2', NULL),
(288, 'std_0262', '1234', 'ปิยบุตร ศรีสุข', 'student', '5/1', NULL),
(289, 'std_0263', '1234', 'เกรียงไกร สว่างไสว', 'student', '2/3', NULL),
(290, 'std_0264', '1234', 'ชลดา สุวรรณ', 'student', '6/3', NULL),
(291, 'std_0265', '1234', 'ผ่องศรี ร่มเย็น', 'student', '3/4', NULL),
(292, 'std_0266', '1234', 'รุ่งโรจน์ รักเรียน', 'student', '4/1', NULL),
(293, 'std_0267', '1234', 'พรทิพย์ ร่มเย็น', 'student', '4/4', NULL),
(294, 'std_0268', '1234', 'ขวัญชัย รักเรียน', 'student', '2/4', NULL),
(295, 'std_0269', '1234', 'ณัฐวุฒิ ศรีสุข', 'student', '4/2', NULL),
(296, 'std_0270', '1234', 'พงศธร สว่างไสว', 'student', '6/4', NULL),
(297, 'std_0271', '1234', 'รุ่งโรจน์ สุวรรณ', 'student', '5/2', NULL),
(298, 'std_0272', '1234', 'กิตติพงศ์ ศรีสุข', 'student', '4/2', NULL),
(299, 'std_0273', '1234', 'วีรพัฒน์ สว่างไสว', 'student', '2/1', NULL),
(300, 'std_0274', '1234', 'ขวัญชัย สุวรรณ', 'student', '1/3', NULL),
(301, 'std_0275', '1234', 'ทนงศักดิ์ ร่มเย็น', 'student', '4/2', NULL),
(302, 'std_0276', '1234', 'พัชรี รักเรียน', 'student', '2/3', NULL),
(303, 'std_0277', '1234', 'ลัดดา ศรีสุข', 'student', '3/5', NULL),
(304, 'std_0278', '1234', 'จิราพร เก่งกาจ', 'student', '5/1', NULL),
(305, 'std_0279', '1234', 'วีรพัฒน์ ดีประเสริฐ', 'student', '2/3', NULL),
(306, 'std_0280', '1234', 'คณิต วงศ์ขจร', 'student', '2/3', NULL),
(307, 'std_0281', '1234', 'นงลักษณ์ มุ่งมั่น', 'student', '2/4', NULL),
(308, 'std_0282', '1234', 'พัชรี พูนทรัพย์', 'student', '6/4', NULL),
(309, 'std_0283', '1234', 'วรวิทย์ เก่งกาจ', 'student', '2/1', NULL),
(310, 'std_0284', '1234', 'ธนพล มุ่งมั่น', 'student', '6/1', NULL),
(311, 'std_0285', '1234', 'สิรินธร พูนทรัพย์', 'student', '1/4', NULL),
(312, 'std_0286', '1234', 'จงรัก เก่งกาจ', 'student', '4/1', NULL),
(313, 'std_0287', '1234', 'นงลักษณ์ ดีประเสริฐ', 'student', '3/2', NULL),
(314, 'std_0288', '1234', 'ภานุพงศ์ วงศ์ขจร', 'student', '3/4', NULL),
(315, 'std_0289', '1234', 'ธนพล ดีประเสริฐ', 'student', '4/5', NULL),
(316, 'std_0290', '1234', 'อนันต์ วงศ์ขจร', 'student', '3/2', NULL),
(317, 'std_0291', '1234', 'ฉัตรชัย มุ่งมั่น', 'student', '4/3', NULL),
(318, 'std_0292', '1234', 'บุญมี พูนทรัพย์', 'student', '5/3', NULL),
(319, 'std_0293', '1234', 'มนัส เก่งกาจ', 'student', '2/4', NULL),
(320, 'std_0294', '1234', 'นัทธมน พูนทรัพย์', 'student', '6/1', NULL),
(321, 'std_0295', '1234', 'อุบล เก่งกาจ', 'student', '5/5', NULL),
(322, 'std_0296', '1234', 'ฉัตรชัย ดีประเสริฐ', 'student', '1/1', NULL),
(323, 'std_0297', '1234', 'ปกรณ์ วงศ์ขจร', 'student', '3/3', NULL),
(324, 'std_0298', '1234', 'ยุทธนา มุ่งมั่น', 'student', '3/4', NULL),
(325, 'std_0299', '1234', 'ปิยบุตร วงศ์ขจร', 'student', '1/4', NULL),
(326, 'std_0300', '1234', 'เกรียงไกร มุ่งมั่น', 'student', '5/2', NULL),
(327, 'std_0301', '1234', 'ชลดา พูนทรัพย์', 'student', '2/1', NULL),
(328, 'std_0302', '1234', 'ผ่องศรี เก่งกาจ', 'student', '1/5', NULL),
(329, 'std_0303', '1234', 'ยุทธนา ดีประเสริฐ', 'student', '6/5', NULL),
(330, 'std_0304', '1234', 'พรทิพย์ เก่งกาจ', 'student', '2/5', NULL),
(331, 'std_0305', '1234', 'เกรียงไกร ดีประเสริฐ', 'student', '4/3', NULL),
(332, 'std_0306', '1234', 'ณัฐวุฒิ วงศ์ขจร', 'student', '3/1', NULL),
(333, 'std_0307', '1234', 'พงศธร มุ่งมั่น', 'student', '4/5', NULL),
(334, 'std_0308', '1234', 'รุ่งโรจน์ พูนทรัพย์', 'student', '5/5', NULL),
(335, 'std_0309', '1234', 'กิตติพงศ์ วงศ์ขจร', 'student', '5/4', NULL),
(336, 'std_0310', '1234', 'วีรพัฒน์ มุ่งมั่น', 'student', '2/3', NULL),
(337, 'std_0311', '1234', 'ขวัญชัย พูนทรัพย์', 'student', '3/5', NULL),
(338, 'std_0312', '1234', 'ทนงศักดิ์ เก่งกาจ', 'student', '1/1', NULL),
(339, 'std_0313', '1234', 'พงศธร ดีประเสริฐ', 'student', '5/4', NULL),
(340, 'std_0314', '1234', 'ลัดดา วงศ์ขจร', 'student', '5/4', NULL),
(341, 'std_0315', '1234', 'จิราพร ขยันยิ่ง', 'student', '3/5', NULL),
(342, 'std_0316', '1234', 'วีรพัฒน์ มีชัย', 'student', '2/3', NULL),
(343, 'std_0317', '1234', 'คณิต งามสง่า', 'student', '4/5', NULL),
(344, 'std_0318', '1234', 'ทนงศักดิ์ มั่งคั่ง', 'student', '2/2', NULL),
(345, 'std_0319', '1234', 'พัชรี ทองแท้', 'student', '1/2', NULL),
(346, 'std_0320', '1234', 'วรวิทย์ ขยันยิ่ง', 'student', '6/5', NULL),
(347, 'std_0321', '1234', 'จิราพร มั่งคั่ง', 'student', '4/1', NULL),
(348, 'std_0322', '1234', 'สิรินธร ทองแท้', 'student', '5/1', NULL),
(349, 'std_0323', '1234', 'จงรัก ขยันยิ่ง', 'student', '6/3', NULL),
(350, 'std_0324', '1234', 'นงลักษณ์ มีชัย', 'student', '1/2', NULL),
(351, 'std_0325', '1234', 'ภานุพงศ์ งามสง่า', 'student', '4/5', NULL),
(352, 'std_0326', '1234', 'วรวิทย์ มั่งคั่ง', 'student', '2/5', NULL),
(353, 'std_0327', '1234', 'ธนพล มีชัย', 'student', '2/5', NULL),
(354, 'std_0328', '1234', 'อนันต์ งามสง่า', 'student', '6/5', NULL),
(355, 'std_0329', '1234', 'จงรัก มั่งคั่ง', 'student', '3/5', NULL),
(356, 'std_0330', '1234', 'บุญมี ทองแท้', 'student', '4/4', NULL),
(357, 'std_0331', '1234', 'มนัส ขยันยิ่ง', 'student', '5/4', NULL),
(358, 'std_0332', '1234', 'นัทธมน ทองแท้', 'student', '4/4', NULL),
(359, 'std_0333', '1234', 'อุบล ขยันยิ่ง', 'student', '2/4', NULL),
(360, 'std_0334', '1234', 'ฉัตรชัย มีชัย', 'student', '5/5', NULL),
(361, 'std_0335', '1234', 'ปกรณ์ งามสง่า', 'student', '3/2', NULL),
(362, 'std_0336', '1234', 'มนัส มั่งคั่ง', 'student', '2/4', NULL),
(363, 'std_0337', '1234', 'ปิยบุตร งามสง่า', 'student', '2/2', NULL),
(364, 'std_0338', '1234', 'อุบล มั่งคั่ง', 'student', '2/4', NULL),
(365, 'std_0339', '1234', 'ชลดา ทองแท้', 'student', '3/3', NULL),
(366, 'std_0340', '1234', 'ผ่องศรี ขยันยิ่ง', 'student', '1/1', NULL),
(367, 'std_0341', '1234', 'ยุทธนา มีชัย', 'student', '4/1', NULL),
(368, 'std_0342', '1234', 'พรทิพย์ ขยันยิ่ง', 'student', '2/2', NULL),
(369, 'std_0343', '1234', 'เกรียงไกร มีชัย', 'student', '1/3', NULL),
(370, 'std_0344', '1234', 'ณัฐวุฒิ งามสง่า', 'student', '3/5', NULL),
(371, 'std_0345', '1234', 'ผ่องศรี มั่งคั่ง', 'student', '3/3', NULL),
(372, 'std_0346', '1234', 'รุ่งโรจน์ ทองแท้', 'student', '6/2', NULL),
(373, 'std_0347', '1234', 'กิตติพงศ์ งามสง่า', 'student', '4/3', NULL),
(374, 'std_0348', '1234', 'พรทิพย์ มั่งคั่ง', 'student', '1/2', NULL),
(375, 'std_0349', '1234', 'ขวัญชัย ทองแท้', 'student', '4/5', NULL),
(376, 'std_0350', '1234', 'ทนงศักดิ์ ขยันยิ่ง', 'student', '2/1', NULL),
(377, 'std_0351', '1234', 'พงศธร มีชัย', 'student', '5/3', NULL),
(378, 'std_0352', '1234', 'ลัดดา งามสง่า', 'student', '4/4', NULL),
(379, 'std_0353', '1234', 'วีรพัฒน์ เงินมาก', 'student', '6/4', NULL),
(380, 'std_0354', '1234', 'คณิต รุ่งเรือง', 'student', '3/4', NULL),
(381, 'std_0355', '1234', 'ทนงศักดิ์ ไพศาล', 'student', '4/5', NULL),
(382, 'std_0356', '1234', 'พัชรี พัฒนา', 'student', '5/2', NULL),
(383, 'std_0357', '1234', 'วรวิทย์ ใจดี', 'student', '3/5', NULL),
(384, 'std_0358', '1234', 'จิราพร ไพศาล', 'student', '3/5', NULL),
(385, 'std_0359', '1234', 'สิรินธร พัฒนา', 'student', '5/3', NULL),
(386, 'std_0360', '1234', 'จงรัก ใจดี', 'student', '3/3', NULL),
(387, 'std_0361', '1234', 'นงลักษณ์ เงินมาก', 'student', '1/2', NULL),
(388, 'std_0362', '1234', 'ภานุพงศ์ รุ่งเรือง', 'student', '4/2', NULL),
(389, 'std_0363', '1234', 'วรวิทย์ ไพศาล', 'student', '1/3', NULL),
(390, 'std_0364', '1234', 'ธนพล เงินมาก', 'student', '3/1', NULL),
(391, 'std_0365', '1234', 'อนันต์ รุ่งเรือง', 'student', '3/5', NULL),
(392, 'std_0366', '1234', 'จงรัก ไพศาล', 'student', '6/1', NULL),
(393, 'std_0367', '1234', 'บุญมี พัฒนา', 'student', '5/2', NULL),
(394, 'std_0368', '1234', 'มนัส ใจดี', 'student', '4/1', NULL),
(395, 'std_0369', '1234', 'นัทธมน พัฒนา', 'student', '2/3', NULL),
(396, 'std_0370', '1234', 'อุบล ใจดี', 'student', '4/1', NULL),
(397, 'std_0371', '1234', 'ฉัตรชัย เงินมาก', 'student', '3/5', NULL),
(398, 'std_0372', '1234', 'ปกรณ์ รุ่งเรือง', 'student', '3/2', NULL),
(399, 'std_0373', '1234', 'มนัส ไพศาล', 'student', '1/5', NULL),
(400, 'std_0374', '1234', 'ปิยบุตร รุ่งเรือง', 'student', '4/4', NULL),
(401, 'std_0375', '1234', 'อุบล ไพศาล', 'student', '4/5', NULL),
(402, 'std_0376', '1234', 'ชลดา พัฒนา', 'student', '2/2', NULL),
(403, 'std_0377', '1234', 'ผ่องศรี ใจดี', 'student', '6/1', NULL),
(404, 'std_0378', '1234', 'ยุทธนา เงินมาก', 'student', '6/3', NULL),
(405, 'std_0379', '1234', 'พรทิพย์ ใจดี', 'student', '1/5', NULL),
(406, 'std_0380', '1234', 'เกรียงไกร เงินมาก', 'student', '3/5', NULL),
(407, 'std_0381', '1234', 'ณัฐวุฒิ รุ่งเรือง', 'student', '3/2', NULL),
(408, 'std_0382', '1234', 'ผ่องศรี ไพศาล', 'student', '4/4', NULL),
(409, 'std_0383', '1234', 'รุ่งโรจน์ พัฒนา', 'student', '3/3', NULL),
(410, 'std_0384', '1234', 'กิตติพงศ์ รุ่งเรือง', 'student', '2/1', NULL),
(411, 'std_0385', '1234', 'พรทิพย์ ไพศาล', 'student', '4/1', NULL),
(412, 'std_0386', '1234', 'ขวัญชัย พัฒนา', 'student', '4/1', NULL),
(413, 'std_0387', '1234', 'ทนงศักดิ์ ใจดี', 'student', '4/2', NULL),
(414, 'std_0388', '1234', 'พงศธร เงินมาก', 'student', '1/1', NULL),
(415, 'std_0389', '1234', 'ลัดดา รุ่งเรือง', 'student', '5/3', NULL),
(416, 'std_0390', '1234', 'จิราพร ใจดี', 'student', '3/1', NULL),
(417, 'std_0391', '1234', 'ทนงศักดิ์ ศรีสุข', 'student', '6/2', NULL),
(418, 'std_0392', '1234', 'พัชรี สว่างไสว', 'student', '3/1', NULL),
(419, 'std_0393', '1234', 'ลัดดา สุวรรณ', 'student', '2/1', NULL),
(420, 'std_0394', '1234', 'จิราพร ศรีสุข', 'student', '4/2', NULL),
(421, 'std_0395', '1234', 'สิรินธร สว่างไสว', 'student', '4/2', NULL),
(422, 'std_0396', '1234', 'คณิต สุวรรณ', 'student', '6/4', NULL),
(423, 'std_0397', '1234', 'นงลักษณ์ ร่มเย็น', 'student', '5/1', NULL),
(424, 'std_0398', '1234', 'ภานุพงศ์ รักเรียน', 'student', '6/4', NULL),
(425, 'std_0399', '1234', 'วรวิทย์ ศรีสุข', 'student', '2/3', NULL),
(426, 'std_0400', '1234', 'ธนพล ร่มเย็น', 'student', '3/3', NULL),
(427, 'std_0401', '1234', 'อนันต์ รักเรียน', 'student', '2/5', NULL),
(428, 'std_0402', '1234', 'จงรัก ศรีสุข', 'student', '3/3', NULL),
(429, 'std_0403', '1234', 'บุญมี สว่างไสว', 'student', '1/1', NULL),
(430, 'std_0404', '1234', 'ภานุพงศ์ สุวรรณ', 'student', '3/4', NULL),
(431, 'std_0405', '1234', 'นัทธมน สว่างไสว', 'student', '3/1', NULL),
(432, 'std_0406', '1234', 'อนันต์ สุวรรณ', 'student', '3/5', NULL),
(433, 'std_0407', '1234', 'ฉัตรชัย ร่มเย็น', 'student', '2/1', NULL),
(434, 'std_0408', '1234', 'ปกรณ์ รักเรียน', 'student', '2/4', NULL),
(435, 'std_0409', '1234', 'มนัส ศรีสุข', 'student', '6/3', NULL),
(436, 'std_0410', '1234', 'ปิยบุตร รักเรียน', 'student', '5/2', NULL),
(437, 'std_0411', '1234', 'อุบล ศรีสุข', 'student', '3/5', NULL),
(438, 'std_0412', '1234', 'ชลดา สว่างไสว', 'student', '5/3', NULL),
(439, 'std_0413', '1234', 'ปกรณ์ สุวรรณ', 'student', '1/3', NULL),
(440, 'std_0414', '1234', 'ยุทธนา ร่มเย็น', 'student', '2/4', NULL),
(441, 'std_0415', '1234', 'ปิยบุตร สุวรรณ', 'student', '3/1', NULL),
(442, 'game', '1234', 'ggame ', 'student', '3/3', NULL);

--
-- Indexes for dumped tables
--

--
-- Indexes for table `categories`
--
ALTER TABLE `categories`
  ADD PRIMARY KEY (`id`);

--
-- Indexes for table `classrooms`
--
ALTER TABLE `classrooms`
  ADD PRIMARY KEY (`class_name`);

--
-- Indexes for table `points`
--
ALTER TABLE `points`
  ADD PRIMARY KEY (`id`),
  ADD KEY `fk_points_categories` (`category_id`);

--
-- Indexes for table `redeem`
--
ALTER TABLE `redeem`
  ADD PRIMARY KEY (`id`);

--
-- Indexes for table `rewards`
--
ALTER TABLE `rewards`
  ADD PRIMARY KEY (`id`);

--
-- Indexes for table `users`
--
ALTER TABLE `users`
  ADD PRIMARY KEY (`id`);

--
-- AUTO_INCREMENT for dumped tables
--

--
-- AUTO_INCREMENT for table `categories`
--
ALTER TABLE `categories`
  MODIFY `id` int(11) NOT NULL AUTO_INCREMENT, AUTO_INCREMENT=39;

--
-- AUTO_INCREMENT for table `points`
--
ALTER TABLE `points`
  MODIFY `id` int(11) NOT NULL AUTO_INCREMENT, AUTO_INCREMENT=388;

--
-- AUTO_INCREMENT for table `redeem`
--
ALTER TABLE `redeem`
  MODIFY `id` int(11) NOT NULL AUTO_INCREMENT, AUTO_INCREMENT=120;

--
-- AUTO_INCREMENT for table `rewards`
--
ALTER TABLE `rewards`
  MODIFY `id` int(11) NOT NULL AUTO_INCREMENT, AUTO_INCREMENT=23;

--
-- AUTO_INCREMENT for table `users`
--
ALTER TABLE `users`
  MODIFY `id` int(11) NOT NULL AUTO_INCREMENT, AUTO_INCREMENT=443;

--
-- Constraints for dumped tables
--

--
-- Constraints for table `points`
--
ALTER TABLE `points`
  ADD CONSTRAINT `fk_points_categories` FOREIGN KEY (`category_id`) REFERENCES `categories` (`id`) ON DELETE SET NULL ON UPDATE CASCADE;
COMMIT;

/*!40101 SET CHARACTER_SET_CLIENT=@OLD_CHARACTER_SET_CLIENT */;
/*!40101 SET CHARACTER_SET_RESULTS=@OLD_CHARACTER_SET_RESULTS */;
/*!40101 SET COLLATION_CONNECTION=@OLD_COLLATION_CONNECTION */;
